time,Biomass(kg),DO(mg/L)
0.0,452.38095238010567,-0.03155593572032835
0.1,452.12426774839946,-0.031429405809069534
0.2,451.87118390871785,-0.03106047883544108
0.30000000000000004,451.62164657892384,-0.030464482578194313
0.4,451.3756023742336,-0.02965594817504898
0.5,451.13299882450326,-0.02864863384884055
0.6000000000000001,450.893784331286,-0.027455586007268662
0.7000000000000001,450.65790816454614,-0.02608916197259667
0.8,450.4253204453449,-0.02456106448824727
0.9,450.19597212679207,-0.022882378240332214
1.0,449.96981497954886,-0.02106359741862826
1.1,449.74680157514626,-0.019114657005577757
1.2000000000000002,449.52688527062713,-0.017044960586910112
1.3,449.31002019336734,-0.014863407251910588
1.4000000000000001,449.09616122634395,-0.012578416773593766
1.5,448.88526399367424,-0.010197953801729692
1.6,448.6772848464774,-0.007729550883858758
1.7000000000000002,448.4721808490615,-0.0051803303169995485
1.8,448.26990976545244,-0.002557024802317438
1.9000000000000001,448.07043004619754,0.0001340028168483528
2.0,447.8737008154702,0.0028867408150359776
2.1,447.67968185845376,0.0056955107311872435
2.2,447.48833360898635,0.00855495028817347
2.3000000000000003,447.29961713757865,0.01145999776025402
2.4000000000000004,447.1134941396707,0.014405876985068183
2.5,446.92992692385945,0.017388081378402413
2.6,446.74887840070403,0.020402360650702615
2.7,446.570312071983,0.023444709456547797
2.8000000000000003,446.3941920197547,0.026511354067386573
2.9000000000000004,446.2204828952055,0.029598737069932435
3.0,446.04914990909,0.03270351064657845
3.1,445.8801588215517,0.035822525472205734
3.2,445.7134759316959,0.03895281768399618
3.3000000000000003,445.5490680680978,0.04209160029681676
3.4000000000000004,445.3869025797012,0.04523625609332089
3.5,445.22694732630504,0.048384327698053925
3.6,445.0691706689796,0.051533506758348835
3.7,444.9135414618598,0.05468162962697589
3.8000000000000003,444.7600290433384,0.057826669396574125
3.9000000000000004,444.60860322707754,0.06096672660752494
4.0,444.4592342938818,0.06410002360259241
4.1000000000000005,444.3118929837764,0.06722489935819918
4.2,444.16655048779205,0.07033980249484167
4.3,444.02317843973384,0.07344328385343164
4.4,443.881748909065,0.07653399351485188
4.5,443.7422343932643,0.07961067511801895
4.6000000000000005,443.604607810057,0.0826721593387702
4.7,443.46884249042466,0.08571736019098948
4.800000000000001,443.33491217165493,0.08874527112701186
4.9,443.2027909903224,0.09175496049774012
5.0,443.0724534752714,0.09474556680519924
5.1000000000000005,442.94387454103054,0.09771629514925785
5.2,442.8170294812617,0.10066641350307116
5.300000000000001,442.6918939622515,0.10359524888494455
5.4,442.568444017061,0.10650218621904972
5.5,442.44665603902246,0.10938666362198815
5.6000000000000005,442.3265067755684,0.11224816887523542
5.7,442.20797332235713,0.11508623690569665
5.800000000000001,442.09103311777085,0.11790044847755599
5.9,441.9756639369701,0.12069042660855453
6.0,441.86184388624145,0.1234558339048928
6.1000000000000005,441.7495513975577,0.12619637047328683
6.2,441.6387652233183,0.12891177235991427
6.300000000000001,441.5294644309723,0.13160180900058613
6.4,441.4216283978239,0.13426628118035563
6.5,441.3152368059682,0.1369050192711641
6.6000000000000005,441.21026963735176,0.13951788188196967
6.7,441.1067071688419,0.14210475388845412
6.800000000000001,441.0045299674212,0.1446655448447247
6.9,440.90371888548236,0.14720018754996322
7.0,440.8042550562428,0.1497086366197812
7.1000000000000005,440.70611988917426,0.15219086713466157
7.2,440.6092950655455,0.15464687334112928
7.300000000000001,440.5137625340531,0.15707666743010437
7.4,440.4195045065814,0.15948027868248485
7.5,440.3265034539295,0.16185775209213027
7.6000000000000005,440.23474210169957,0.16420914739026268
7.7,440.14420342623214,0.1665345380899899
7.800000000000001,440.05487065066416,0.1688340107431709
7.9,439.96672724096027,0.17110766384922604
8.0,439.87975690206895,0.17335560702929584
8.1,439.7939435741474,0.17557796023693162
8.200000000000001,439.7092714288885,0.17777485317167943
8.3,439.6257248659186,0.17994642474017597
8.4,439.5432885091491,0.18209282200619503
8.5,439.46194720331204,0.1842141997298308
8.6,439.38168601052496,0.1863107197919221
8.700000000000001,439.3024902067329,0.18838255056418118
8.8,439.22434527853966,0.19042986647696775
8.9,439.1472369200073,0.1924528475797795
9.0,439.07115102943783,0.19445167910151565
9.1,438.99607370613035,0.1964265508825267
9.200000000000001,438.92199124691257,0.19837765644135313
9.3,438.84889014368304,0.2003051933955735
9.4,438.7767570802828,0.2022093628965374
9.5,438.70557892956987,0.20409036929375943
9.600000000000001,438.63534275019407,0.20594841940062839
9.700000000000001,438.56603578385204,0.2077837222990232
9.8,438.4976454528226,0.20959648943959408
9.9,438.43015935709343,0.21138693420885013
10.0,438.36356527164526,0.21315527164802756
10.100000000000001,438.29785114339586,0.2149017177443555
10.200000000000001,438.23300508907005,0.21662648974560123
10.3,438.1690153926018,0.21832980590077597
10.4,438.1058705025933,0.22001188522778578
10.5,438.04355902967677,0.22167294715405308
10.600000000000001,437.9820697439227,0.22331321117219413
10.700000000000001,437.92139157287215,0.2249328971119143
10.8,437.8615135990412,0.22653222483131594
10.9,437.802425057618,0.22811141407912838
11.0,437.74411533387314,0.22967068410124505
11.100000000000001,437.6865739611798,0.23121025372345472
11.200000000000001,437.62979061889797,0.23273034130135864
11.3,437.57375513015614,0.23423116456435428
11.4,437.51845745966006,0.23571294046242422
11.5,437.4638877113522,0.2371758848758846
11.600000000000001,437.41003612673853,0.23862021282693716
11.700000000000001,437.35689308276756,0.24004613832016763
11.8,437.30444908942013,0.2414538741754893
11.9,437.2526947895687,0.24284363225887495
12.0,437.2016209533347,0.24421562263742688
12.100000000000001,437.15121847972983,0.245570054369367
12.200000000000001,437.10147839341585,0.2469071351137828
12.3,437.05239184291565,0.24822707107800748
12.4,437.0039500985567,0.24953006679779852
12.5,436.956144551129,0.2508163253646299
12.600000000000001,436.90896671005896,0.25208604835006465
12.700000000000001,436.8624082016136,0.2533394357491568
12.8,436.8164607671493,0.2545766859512757
12.9,436.77111626171865,0.25579799551871213
13.0,436.72636665224576,0.2570035591967999
13.100000000000001,436.68220401540225,0.2581935700840102
13.200000000000001,436.6386205360811,0.2593682194822733
13.3,436.59560850565794,0.260527696860571
13.4,436.5531603210264,0.26167218989245367
13.5,436.5112684863397,0.26280188475243443
13.600000000000001,436.46992560627046,0.2639169656012066
13.700000000000001,436.4291243856834,0.2650176146841698
13.8,436.3888576283786,0.266104012341044
13.9,436.34911823548947,0.26717633698273324
14.0,436.3098992078998,0.26823476548451797
14.100000000000001,436.2711936425507,0.26927947294628224
14.200000000000001,436.2329947282601,0.2703106324022191
14.3,436.19529574599767,0.2713284149921587
14.4,436.1580900673869,0.2723329899491765
14.5,436.1213711544025,0.2733245246734898
14.600000000000001,436.0851325614486,0.2743031849781797
14.700000000000001,436.0493679280058,0.2752691346542417
14.8,436.01407097913244,0.27622253560249604
14.9,435.97923552437857,0.27716354785093256
15.0,435.94485541362167,0.2780923296939949
15.100000000000001,435.91092473878996,0.2790090373030585
15.200000000000001,435.8774374719945,0.27991382568391043
15.3,435.8443877609155,0.2808068476322036
15.4,435.81176982787366,0.28168825414498033
15.5,435.77957796983014,0.2825581944206728
15.600000000000001,435.747806558883,0.2834168159739686
15.700000000000001,435.7164500429677,0.2842642647978482
15.8,435.68550294386665,0.2851006849030759
15.9,435.6549598580432,0.28592621851123096
16.0,435.624815456702,0.2867410060686135
16.1,435.59506448578907,0.2875451862462445
16.2,435.5657017659917,0.28833889593986545
16.3,435.5367221814824,0.28912227053706824
16.400000000000002,435.5081206504488,0.28989544461667505
16.5,435.479892189017,0.290658550431718
16.6,435.4520318883221,0.2914117184535952
16.7,435.42453491115026,0.29215507745176145
16.8,435.3973964919387,0.2928887544937287
16.900000000000002,435.37061193677596,0.2936128749450657
17.0,435.3441766067524,0.29432756271926713
17.1,435.3180858441056,0.29503294138617325
17.2,435.29233510602756,0.29572913216378205
17.3,435.26691992598813,0.2964162544987114
17.400000000000002,435.24183590262203,0.2970944262329809
17.5,435.2170786997288,0.2977637636040119
17.6,435.1926440462731,0.298424381244628
17.7,435.16852772602937,0.29907639236840833
17.8,435.14472550081047,0.29971991014390376
17.900000000000002,435.12123323068715,0.3003550455427
18.0,435.0980468499057,0.3009819077704952
18.1,435.0751623517466,0.3016006045381292
18.2,435.05257578852456,0.30221124206158306
18.3,435.0302832715885,0.3028139250619794
18.400000000000002,435.00828096578795,0.3034087568819269
18.5,434.98656501783654,0.3039958409916608
18.6,434.9651316538658,0.304575278937997
18.7,434.94397717201804,0.305147170500062
18.8,434.9230979239474,0.3057116140782311
18.900000000000002,434.9024903148199,0.3062687066941282
19.0,434.8821508033133,0.3068185439906259
19.1,434.86207589912624,0.30736122028549046
19.200000000000003,434.84226209925384,0.30789682994368206
19.3,434.82270596206615,0.308425465782072
19.400000000000002,434.8034041161604,0.30894721887882415
19.5,434.78435323865205,0.30946217904088186
19.6,434.76555005517525,0.3099704348039679
19.700000000000003,434.7469913398825,0.31047207343258443
19.8,434.7286739146678,0.3109671809380609
19.900000000000002,434.7105945954966,0.3114558433245439
20.0,434.6927502426561,0.31193814542240267
20.1,434.6751377850196,0.3124141703248872
20.200000000000003,434.65775419547634,0.3128839999585647
20.3,434.64059649093116,0.31334771508331966
20.400000000000002,434.6236617323046,0.3138053952923538
20.5,434.60694710782957,0.31425711696771796
20.6,434.5904495124677,0.3147029636032972
20.700000000000003,434.57416623036164,0.315143009054409
20.8,434.55809445444186,0.31557732932877847
20.900000000000002,434.5422314204831,0.3160059992961972
21.0,434.52657440653184,0.3164290927025864
21.1,434.51112073233264,0.31684668218406065
21.200000000000003,434.4958677587558,0.317258839280991
21.3,434.4808128532987,0.31766563530924663
21.400000000000002,434.4659533992106,0.31806714112922196
21.5,434.4512868483724,0.3184634258093496
21.6,434.4368106875752,0.3188545574776947
21.700000000000003,434.4225224376272,0.3192406033441193
21.8,434.4084196525566,0.3196216297200011
21.900000000000002,434.3944999188149,0.31999770203795164
22.0,434.3807608544802,0.32036888487153503
22.1,434.36720010846017,0.32073524195498626
22.200000000000003,434.35381535969555,0.3210968362029297
22.3,434.34060431667604,0.32145372972599146
22.400000000000002,434.32756472280045,0.3218059837697369
22.5,434.31469434755724,0.3221536588396522
22.6,434.30199098572183,0.32249681472093644
22.700000000000003,434.28945245861775,0.32283551047122366
22.8,434.2770766133469,0.3231698044399429
22.900000000000002,434.26486132202007,0.32349975428767896
23.0,434.25280448098755,0.3238254170055325
23.1,434.24090401006947,0.32414684893448076
23.200000000000003,434.2291578517865,0.3244641057847377
23.3,434.21756397059,0.3247772426551146
23.400000000000002,434.20612036778255,0.325086313687464
23.5,434.19482513240945,0.32539137088447423
23.6,434.1836763412755,0.32569246643659555
23.700000000000003,434.1726720919699,0.3259896519553938
23.8,434.1618105089946,0.3262829783324762
23.900000000000002,434.1510897435885,0.3265724957450449
24.0,434.14050797355134,0.32685825366145077
24.1,434.1300634030681,0.3271403008467472
24.200000000000003,434.11975425913477,0.3274186854405979
24.3,434.1095787616618,0.32769345559565005
24.400000000000002,434.09953516626194,0.3279646585682954
24.5,434.0896217565562,0.3282323408843043
24.6,434.0798368375519,0.32849654848162685
24.700000000000003,434.0701787351865,0.32875732672191826
24.8,434.0606457958711,0.3290147204020643
24.900000000000002,434.0512363860341,0.3292687737657066
25.0,434.04194889224635,0.3295195305018416
25.1,434.0327817382902,0.32976703336670116
25.200000000000003,434.0237333659089,0.3300113246131316
25.3,434.0148022311194,0.33025244607395327
25.400000000000002,434.0059868101001,0.3304904390324329
25.5,433.997285598902,0.33072534423008965
25.6,433.9886971131595,0.33095720187450056
25.700000000000003,433.98021988780135,0.33118605164710707
25.8,433.97185247676305,0.3314119327110241
25.900000000000002,433.9635934539796,0.33163488372240735
26.0,433.95544141238946,0.33185494283629496
26.1,433.94739496243886,0.3320721477110622
26.200000000000003,433.93945273263944,0.332286535518578
26.3,433.9316133692936,0.3324981429520524
26.400000000000002,433.923875536221,0.33270700623388455
26.5,433.9162379144844,0.3329131611235106
26.6,433.90869920211566,0.3331166429252515
26.700000000000003,433.90125813363096,0.33331748540007866
26.8,433.89391343178147,0.33351572343073305
26.900000000000002,433.8866638424095,0.3337113910837592
27.0,433.87950813032904,0.3339045218303764
27.1,433.8724450761004,0.3340951487177795
27.200000000000003,433.865473475762,0.3342833043766721
27.3,433.85859214056205,0.33446902102879994
27.400000000000002,433.85179989669035,0.33465233049448434
27.5,433.84509558501,0.3348332642001553
27.6,433.83847806078893,0.3350118531858853
27.700000000000003,433.83194619343175,0.33518812811292203
27.8,433.82549888345,0.3353621186169436
27.900000000000002,433.81913506506817,0.33553385320649826
28.0,433.81285362521385,0.33570336233503584
28.1,433.8066534939598,0.33587067496557904
28.200000000000003,433.8005336149593,0.33603581969018986
28.3,433.79449294521635,0.3361988247360346
28.400000000000002,433.78853045485624,0.3363597179714492
28.5,433.7826451268958,0.336518526912004
28.6,433.77683595701376,0.3366752787265691
28.700000000000003,433.7711019679864,0.3368299998767774
28.8,433.7654422101692,0.3369827161052989
28.900000000000002,433.7598556969778,0.3371334540490535
29.0,433.75434147805186,0.3372822394105418
29.1,433.74889861519205,0.33742909755971845
29.200000000000003,433.74352618216193,0.3375740535392605
29.3,433.7382232644906,0.33771713206983645
29.400000000000002,433.7329889592745,0.33785835755537497
29.5,433.7278223749801,0.3379977540883335
29.6,433.72272264094676,0.33813534528682115
29.700000000000003,433.71768890658007,0.33827115431042937
29.8,433.7127203013653,0.33840520455514234
29.900000000000002,433.7078159808692,0.3385375188578468
30.0,433.70297511145424,0.3386681197631131
30.1,433.69819687010136,0.3387970295281104
30.200000000000003,433.69348044423253,0.33892427012752113
30.3,433.6888250315338,0.33904986325845604
30.400000000000002,433.68422983977734,0.3391738303453694
30.5,433.6796940946885,0.3392961923344763
30.6,433.6752170384178,0.3394169697340048
30.700000000000003,433.6707978985163,0.3395361834263512
30.8,433.66643592422486,0.3396538537186984
30.900000000000002,433.66213037431805,0.3397700006614169
31.0,433.6578805169427,0.3398846440525501
31.1,433.6536856294573,0.3399978034423001
31.200000000000003,433.6495449982707,0.34010949813751257
31.3,433.64545791868164,0.3402197472061627
31.400000000000002,433.6414237037528,0.3403285691792629
31.5,433.6374416817364,0.3404359821361892
31.6,433.6335111635386,0.340542004793303
31.700000000000003,433.629631481568,0.3406466552021129
31.8,433.6258019766819,0.3407499511855005
31.900000000000002,433.6220219980434,0.34085191034160695
32.0,433.6182909029786,0.34095255004771896
32.1,433.6146080568329,0.3410518874641554
32.2,433.61097283282885,0.3411499395381535
32.300000000000004,433.60738462129694,0.34124672272511036
32.4,433.6038428261471,0.3413422530945524
32.5,433.60034683337204,0.3414365472793386
32.6,433.5968960494584,0.34152962131712783
32.7,433.59348988842095,0.3416214910408719
32.800000000000004,433.5901277716779,0.3417121720821583
32.9,433.58680912792556,0.341801679874553
33.0,433.5835333930135,0.34189002965694354
33.1,433.5803000098195,0.3419772364768818
33.2,433.5771084361865,0.34206331499700654
33.300000000000004,433.57395814116757,0.3421482795870559
33.4,433.57084857975957,0.34223214494129944
33.5,433.56777922437004,0.34231492531022767
33.6,433.5647495541164,0.34239663476221954
33.7,433.56175905471594,0.3424772871865179
33.800000000000004,433.55880721837576,0.34255689629620395
33.9,433.555893543683,0.3426354756311725
34.0,433.5530175354947,0.3427130385611069
34.1,433.5501787113257,0.34278959813556037
34.2,433.5473765977634,0.34286516716870946
34.300000000000004,433.5446107114888,0.3429397586863094
34.4,433.54188058343243,0.3430133853577028
34.5,433.5391857504853,0.34308605969123745
34.6,433.53652575540104,0.3431577940369632
34.7,433.5339001466978,0.34322860058932936
34.800000000000004,433.53130847855994,0.3432984913898813
34.9,433.52875031073995,0.3433674783299581
35.0,433.5262252142738,0.3434355729898941
35.1,433.52373276780565,0.3435027867423117
35.2,433.52127254179493,0.34356913119623134
35.300000000000004,433.5188441191093,0.343634617617839
35.4,433.5164470879034,0.3436992571307095
35.5,433.5140810415308,0.343763060718214
35.6,433.5117455784564,0.3438260392259285
35.7,433.5094403021682,0.34388820336404163
35.800000000000004,433.5071648210898,0.3439495637097625
35.9,433.5049187560526,0.34401013048154977
36.0,433.502701734094,0.344069913726041
36.1,433.5005133703938,0.34412892386301036
36.2,433.49835329394443,0.3441871709103506
36.300000000000004,433.49622113840604,0.3442446647598313
36.4,433.49411654202646,0.34430141517928337
36.5,433.4920391475602,0.3443574318147832
36.6,433.48998860218853,0.3444127241928369
36.7,433.48796455743883,0.3444673017225646
36.800000000000004,433.485966669104,0.34452117369788465
36.9,433.48399459774157,0.34457434928341196
37.0,433.4820480343884,0.34462683679160305
37.1,433.4801266308612,0.34467864564176603
37.2,433.47823006139885,0.34472978462735715
37.300000000000004,433.47635800432886,0.34478026243122645
37.4,433.47451014199663,0.34483008762752393
37.5,433.47268616069476,0.3448792686836067
37.6,433.4708857505928,0.344927813961945
37.7,433.46910860566635,0.3449757317220294
37.800000000000004,433.4673544236266,0.34502303012227703
37.9,433.4656229058499,0.34506971722193835
38.0,433.46391377451283,0.34511580052217616
38.1,433.4622267393924,0.34516128785528366
38.2,433.46056150683125,0.34520618714458123
38.300000000000004,433.4589177945437,0.3452505060078788
38.400000000000006,433.45729532379323,0.3452942519670084
38.5,433.45569381933177,0.3453374324494597
38.6,433.4541130093396,0.3453800547900154
38.7,433.4525526253647,0.3454221262323869
38.800000000000004,433.45101240226234,0.34546365393084993
38.900000000000006,433.4494920781344,0.34550464495188016
39.0,433.44799139950567,0.34554510613767164
39.1,433.4465101253593,0.345585043999713
39.2,433.44504799297704,0.34562446561989413
39.300000000000004,433.4436047546764,0.34566337768150357
39.400000000000006,433.4421801659056,0.3457017867833016
39.5,433.4407739851908,0.3457396994409424
39.6,433.43938597408413,0.3457771220883967
39.7,433.4380158971112,0.34581406107937446
39.800000000000004,433.4366635217187,0.3458505226887468
39.900000000000006,433.43532861822194,0.34588651311396906
40.0,433.4340109597527,0.34592203847650305
40.1,433.43271033729246,0.34595710441358846
40.2,433.43142652283166,0.34599171707864557
40.300000000000004,433.43015929736987,0.34602588238093795
40.400000000000006,433.42890844626993,0.3460596061117313
40.5,433.4276737575953,0.34609289398944215
40.6,433.4264550220638,0.34612575166089304
40.7,433.4252520330014,0.34615818470256693
40.800000000000004,433.4240645862963,0.3461901986218619
40.900000000000006,433.42289248035235,0.3462217988583458
41.0,433.42173551604304,0.3462529907850111
41.1,433.420593503731,0.346283779512671
41.2,433.41946625333316,0.34631417016672644
41.300000000000004,433.41835356832496,0.34634416805417567
41.400000000000006,433.4172552602649,0.3463737782589211
41.5,433.4161711430769,0.34640300580102423
41.6,433.41510103301005,0.3464318556378085
41.7,433.4140447485976,0.3464603326649617
41.800000000000004,433.4130021106163,0.34648844171763843
41.900000000000006,433.4119729420455,0.346516187571563
42.0,433.41095706802685,0.3465435749441316
42.1,433.40995431782216,0.34657060844050197
42.2,433.4089645361934,0.3465972922404
42.300000000000004,433.4079875438135,0.3466236311876011
42.400000000000006,433.4070231752062,0.346649629745799
42.5,433.40607126695704,0.3466752923230293
42.6,433.40513165767646,0.3467006232726623
42.7,433.4042041879631,0.34672562689439523
42.800000000000004,433.403288700367,0.34675030743524443
42.900000000000006,433.402385039353,0.3467746690905379
43.0,433.4014930512641,0.34679871600490775
43.1,433.4006125842842,0.3468224522732824
43.2,433.3997434884021,0.3468458819418792
43.300000000000004,433.3988856216628,0.34686900883890354
43.400000000000006,433.398038852037,0.34689183652391936
43.5,433.3972030230539,0.34691436921852536
43.6,433.39637799308673,0.34693661074248805
43.7,433.39556362226716,0.346958564868097
43.800000000000004,433.3947597724541,0.3469802353210137
43.900000000000006,433.3939663072022,0.3470016257811203
44.0,433.39318309173035,0.3470227398833684
44.1,433.3924099928902,0.3470435812186279
44.2,433.3916468791349,0.3470641533345358
44.300000000000004,433.39089362048765,0.3470844597363449
44.400000000000006,433.39015008851015,0.34710450388777275
44.5,433.38941616585294,0.34712428895489095
44.6,433.3886917347923,0.3471438181135443
44.7,433.3879766628528,0.34716309493493297
44.800000000000004,433.38727082890694,0.3471821226856774
44.900000000000006,433.38657411333975,0.3472009045915947
45.0,433.38588639802214,0.34721944383841297
45.1,433.3852075662846,0.3472377435724855
45.2,433.3845375028908,0.34725580690150537
45.300000000000004,433.3838760940112,0.34727363689521973
45.400000000000006,433.3832232271965,0.34729123658614397
45.5,433.3825787913514,0.34730860897027643
45.6,433.38194267670804,0.34732575700781254
45.7,433.38131478512656,0.34734268334501844
45.800000000000004,433.38069501049875,0.34735939084336076
45.900000000000006,433.38008324245897,0.34737588247931017
46.0,433.3794793774334,0.34739216104599013
46.1,433.3788833131453,0.34740822930155413
46.2,433.37829494859204,0.3474240899697961
46.300000000000004,433.3777141840229,0.3474397457407606
46.400000000000006,433.3771409209163,0.3474551992713528
46.5,433.37657506195717,0.3474704531859489
46.6,433.3760165110148,0.347485510077006
46.7,433.3754651731198,0.3475003725056727
46.800000000000004,433.3749209544418,0.34751504300239894
46.900000000000006,433.3743837725926,0.34752952378548485
47.0,433.373853532824,0.3475438174112597
47.1,433.37333014289925,0.3475579263678534
47.2,433.3728135142132,0.34757185304457705
47.300000000000004,433.37230355926545,0.3475855998009517
47.400000000000006,433.37180019164055,0.3475991689672374
47.5,433.37130332598866,0.34761256284496245
47.6,433.37081287800567,0.3476257837074523
47.7,433.3703287644137,0.3476388338003591
47.800000000000004,433.3698509029417,0.3476517153421907
47.900000000000006,433.36937921230566,0.34766443052483975
48.0,433.36891361218903,0.347676981514113
48.1,433.3684540347211,0.3476893701371943
48.2,433.36800039491015,0.3477015986876891
48.300000000000004,433.3675526153379,0.3477136692532369
48.400000000000006,433.3671106201747,0.3477255838784647
48.5,433.36667433453096,0.3477373445826351
48.6,433.36624368444046,0.34774895336010336
48.7,433.3658185968434,0.3477604121807741
48.800000000000004,433.36539899956927,0.3477717229905583
48.900000000000006,433.3649848213202,0.3477828877118302
49.0,433.36457599165374,0.34779390824388406
49.1,433.3641724409661,0.3478047864633912
49.2,433.3637741006346,0.3478155242205575
49.300000000000004,433.36338090550066,0.34782612327211315
49.400000000000006,433.3629927890261,0.3478365854120381
49.5,433.36260968637015,0.3478469123885714
49.6,433.36223153247687,0.3478571059557325
49.7,433.361858263666,0.34786716783047783
49.800000000000004,433.36148981669953,0.34787709971782615
49.900000000000006,433.36112612901496,0.3478869033045816
50.0,433.36077418874305,0.34789656639725824
50.1,434.04600356650786,0.34756775724062866
50.2,434.7164051662653,0.346593985481081
50.300000000000004,435.3722523557578,0.34502109912683326
50.400000000000006,436.01381567500016,0.3428924190514163
50.5,436.6413627351477,0.34024890025128546
50.6,437.25515812715105,0.3371292635174056
50.7,437.8554633959336,0.3335700617184944
50.800000000000004,438.442536973918,0.32960579283205943
50.900000000000006,439.0166341073615,0.32526902852811795
51.0,439.5780068056382,0.32059051040556913
51.1,440.12690381827247,0.3155992232867298
51.2,440.66357057939024,0.3103225002106095
51.300000000000004,441.18824918589604,0.3047860969567944
51.400000000000006,441.701178361659,0.29901427907756495
51.5,442.20259343944963,0.2930298939761707
51.6,442.69272634003926,0.2868544448559285
51.7,443.17180555733427,0.2805081599748231
51.800000000000004,443.6400561544305,0.2740100529228399
51.900000000000006,444.0976997410624,0.26737799818533914
52.0,444.54495447095996,0.2606287900364416
52.1,444.98203506584935,0.25377817883998044
52.2,445.4091528106738,0.24684093186277875
52.300000000000004,445.8265155538562,0.23983088974986239
52.400000000000006,446.23432769527915,0.23276103343716026
52.5,446.6327902374057,0.22564349756627972
52.6,447.022100777084,0.21848963314070927
52.7,447.4024535223218,0.21131004958635807
52.800000000000004,447.77403932287024,0.2041146456069056
52.900000000000006,448.1370456819405,0.1969126536439184
53.0,448.49165678348083,0.18971267295105498
53.1,448.8380535190299,0.1825227025412534
53.2,449.1764135084515,0.1753501788672426
53.300000000000004,449.5069111337877,0.1682020021961221
53.400000000000006,449.8297175680865,0.1610845665382431
53.5,450.1450008027693,0.15400378943067186
53.6,450.45292568528845,0.1469651354743062
53.7,450.75365394881595,0.13997364380660277
53.800000000000004,451.0473442462308,0.133033952275578
53.900000000000006,451.3341521913161,0.12615031615057287
54.0,451.6142303928201,0.11932663113288378
54.1,451.88772848151353,0.1125664605276544
54.2,452.1547931599131,0.1058730465208973
54.300000000000004,452.41556823951703,0.09924932932605823
54.400000000000006,452.6701946725238,0.0926979690476381
54.5,452.9188105945062,0.0862213600772649
54.6,453.16155136808976,0.07982164424178138
54.7,453.3985496193023,0.07350072797472942
54.800000000000004,453.6299352729606,0.06726029955989314
54.900000000000006,453.85583560147444,0.061101837059564894
55.0,454.0763752633472,0.055026622340029474
55.1,454.2916763380089,0.04903575697153674
55.2,454.50185837176633,0.043130170155012235
55.300000000000004,454.70703841941895,0.03731062893061675
55.400000000000006,454.9073310813629,0.03157775071653064
55.5,455.10284854361703,0.025932013346171963
55.6,455.293700622481,0.0203737615144678
55.7,455.47999480308994,0.014903216626831332
55.800000000000004,455.661836275805,0.009520487667549536
55.900000000000006,455.8393279808629,0.004225575655586055
56.0,456.0125706474658,-0.000981618574606699
56.1,456.1816628300734,-0.006101285153329276
56.2,456.3467009494307,-0.011133699965021032
56.300000000000004,456.5077793327048,-0.016079219388922733
56.400000000000006,456.66499025144276,-0.020938274061125636
56.5,456.8184239579413,-0.025711361834739606
56.6,456.9681687231457,-0.030399042689901064
56.7,457.11431087457595,-0.03500193432842384
56.800000000000004,457.2569348318863,-0.03952070642967591
56.900000000000006,457.3961231469732,-0.04395607863352352
57.0,457.531956540467,-0.04830881661859411
57.1,457.66451393257455,-0.05257972489457519
57.2,457.7938724797426,-0.056769644072322045
57.300000000000004,457.920107611312,-0.060879448531328345
57.400000000000006,458.04329306555394,-0.0649100441914389
57.5,458.1635009192752,-0.06886236272998018
57.6,458.28080162260557,-0.07273735953694872
57.7,458.3952640324663,-0.0765360112606575
57.800000000000004,458.50695544618765,-0.08025931386716416
57.900000000000006,458.6159416314292,-0.08390827904071427
58.0,458.7222868582434,-0.08748393220698732
58.1,458.82605393025676,-0.09098731058068951
58.2,458.9273042159092,-0.0944194618769128
58.300000000000004,459.0260976774302,-0.09778144151588304
58.400000000000006,459.12249290060896,-0.10107431115833192
58.5,459.2165471239073,-0.10429913709020638
58.6,459.3083162674786,-0.10745698861876093
58.7,459.3978549606442,-0.11054893668510737
58.800000000000004,459.48521656954864,-0.11357605246949996
58.900000000000006,459.57045322430093,-0.11653940615029017
59.0,459.6536158461283,-0.11944006620107428
59.1,459.7347541729678,-0.12227909784720474
59.2,459.81391678517735,-0.12505756210575197
59.300000000000004,459.89115113078424,-0.12777651490434658
59.400000000000006,459.9665035505983,-0.13043700650817303
59.5,460.0400193021711,-0.13304008050058244
59.6,460.11174258359216,-0.13558677304528166
59.7,460.18171655690054,-0.13807811225272187
59.800000000000004,460.2499833712727,-0.1405151176428026
59.900000000000006,460.316584185335,-0.1428987995189847
60.0,460.38155918914543,-0.14523015841782666
60.1,460.44494762586305,-0.1475101846241912
60.2,460.5067878130594,-0.14973985802993395
60.300000000000004,460.5671171635312,-0.1519201475678651
60.400000000000006,460.62597220546553,-0.15405201083970887
60.5,460.68338860247707,-0.15613639383958425
60.6,460.7394011733003,-0.15817423074556972
60.7,460.7940439108799,-0.16016644365415017
60.800000000000004,460.8473500009845,-0.16211394230770898
60.900000000000006,460.89935184061153,-0.1640176239222111
61.0,460.95008105596384,-0.16587837302639133
61.1,460.99956852071546,-0.16769706159071537
61.2,461.0478443726288,-0.1694745486981256
61.300000000000004,461.09493803027436,-0.17121168043254706
61.400000000000006,461.1408782095894,-0.17290928988285711
61.5,461.1856929401997,-0.17456819710062418
61.6,461.2294095827713,-0.1761892090055417
61.7,461.2720548424414,-0.17777311951113542
61.800000000000004,461.31365478422737,-0.17932070954586327
61.900000000000006,461.354234847838,-0.18083274711155167
62.0,461.39381986293904,-0.18230998714340058
62.1,461.43243406501006,-0.18375317116941736
62.2,461.4701011060005,-0.18516302811996946
62.300000000000004,461.5068440688427,-0.1865402741751275
62.400000000000006,461.54268548059946,-0.18788561286780117
62.5,461.5776473270539,-0.18919973488098552
62.6,461.6117510655807,-0.1904833181147656
62.7,461.64501763511055,-0.1917370282404181
62.800000000000004,461.6774674692034,-0.19296151863994074
62.900000000000006,461.70912050777696,-0.1941574305483922
63.0,461.73999621101734,-0.19532539281374942
63.1,461.77011356907406,-0.1964660222866731
63.2,461.79949111216484,-0.19757992410823652
63.300000000000004,461.8281469219439,-0.19866769176062385
63.400000000000006,461.85609864466494,-0.19972990714161531
63.5,461.8833634920388,-0.20076714065738777
63.6,461.90995827095475,-0.20177995122629025
63.7,461.93589937346616,-0.2027688868627494
63.800000000000004,461.9612027945264,-0.20373448461967963
63.900000000000006,461.98588414154676,-0.20467727069406633
64.0,462.00995864543205,-0.20559776038882666
64.10000000000001,462.03344116557497,-0.2064964586621828
64.2,462.0563461999045,-0.20737386018554121
64.3,462.0786878938815,-0.20823044950372852
64.4,462.1004800490691,-0.2090667011570211
64.5,462.1217361298082,-0.20988307940155435
64.60000000000001,462.1424692745581,-0.21068003891884715
64.7,462.16269230432323,-0.21145802490752
64.8,462.182417731081,-0.21221747317520068
64.9,462.20165776590414,-0.21295881029805885
65.0,462.22042430560913,-0.21368245368834005
65.10000000000001,462.2387289583069,-0.21438881182857067
65.2,462.25658305813573,-0.21507828445941182
65.3,462.27399766664485,-0.21575126271032657
65.4,462.29098358082217,-0.21640812925870795
65.5,462.30755121871636,-0.21704925820940313
65.60000000000001,462.32371091183614,-0.21767501590341726
65.7,462.33947268643186,-0.2182857605590986
65.8,462.3548463313247,-0.21888184256786836
65.9,462.36984140636713,-0.2194636046543384
66.0,462.38446725017747,-0.2200313820347703
66.10000000000001,462.39873275388726,-0.22058550153157697
66.2,462.41264679268266,-0.22112628362263861
66.3,462.42621808107845,-0.22165404191954435
66.4,462.4394550679944,-0.2221690828234151
66.5,462.45236600716044,-0.22267170596297384
66.60000000000001,462.4649589640234,-0.22316220434931247
66.7,462.4772416460526,-0.22364086329835112
66.8,462.48922153694684,-0.2241079614738948
66.9,462.5009062390907,-0.224563773383822
67.0,462.51230303207836,-0.2250085664060869
67.10000000000001,462.5234190257462,-0.2254426019631329
67.2,462.53426116601145,-0.22586613566920688
67.3,462.54483618222207,-0.2262794167711659
67.4,462.5551504012179,-0.22668268597925215
67.5,462.5652104108252,-0.22707618355841772
67.60000000000001,462.5750224770576,-0.22746014236531148
67.7,462.58459271790974,-0.2278347900243659
67.8,462.5939271082933,-0.22820034906420752
67.9,462.6030314849736,-0.2285570370540669
68.0,462.61191136857707,-0.2289050632409849
68.10000000000001,462.6205723491964,-0.22924463596796707
68.2,462.6290198268748,-0.22957595775173525
68.3,462.63725906220225,-0.2298992262925646
68.4,462.64529518934773,-0.23021463476556195
68.5,462.6531331672501,-0.2305223706535728
68.60000000000001,462.6607778775806,-0.23082261815374025
68.7,462.6682340873227,-0.23111555728772837
68.8,462.67550643884255,-0.23140136368128122
68.9,462.6825994632425,-0.2316802089106919
69.0,462.68951755817886,-0.23195225990637539
69.10000000000001,462.69626502620514,-0.23221768001243578
69.2,462.70284608283436,-0.23247662921773118
69.3,462.7092648342588,-0.23272926355675977
69.4,462.7155252905193,-0.23297573548046488
69.5,462.72163133214815,-0.23321619323394657
69.60000000000001,462.7275867377153,-0.23345078143648335
69.7,462.7333952492609,-0.23367964240946312
69.8,462.7390604957578,-0.2339029147016741
69.9,462.7445860213129,-0.23412073368225156
70.0,462.74997526105597,-0.23433323105367762
70.10000000000001,462.7552315275425,-0.23454053459068797
70.2,462.760358134764,-0.23474277083607403
70.3,462.76535828406827,-0.234940062680446
70.4,462.7702351004857,-0.23513253017389626
70.5,462.7749916254895,-0.23532029031824891
70.60000000000001,462.7796307831698,-0.23550345605959558
70.7,462.7841554926191,-0.2356821396788025
70.8,462.78856857714055,-0.23585645007055092
70.9,462.7928727919772,-0.23602649358743907
71.0,462.79707082504507,-0.23619237405777746
71.10000000000001,462.8011652648551,-0.23635419148190967
71.2,462.8051586819869,-0.23651204530182898
71.3,462.8090535688463,-0.23666603196320096
71.4,462.8128523581293,-0.23681624564725706
71.5,462.8165574247669,-0.2369627783374039
71.60000000000001,462.820171053694,-0.23710571879040923
71.7,462.82369551129716,-0.23724515483071396
71.8,462.82713300152955,-0.23738117194810077
71.9,462.83048567361175,-0.23751385354877141
72.0,462.83375562621416,-0.23764328109367416
72.10000000000001,462.83694487642043,-0.23776953330640582
72.2,462.8400554177186,-0.23789268769592176
72.3,462.8430892008604,-0.23801282007374341
72.4,462.84604812325534,-0.23813000429307968
72.5,462.8489340375382,-0.238244312486466
72.60000000000001,462.8517487299934,-0.23835581444024287
72.7,462.8544939508722,-0.2384645784967014
72.8,462.85717142504456,-0.23857067187732767
72.9,462.85978282636825,-0.23867415993786487
73.0,462.8623297888168,-0.23877510650556602
73.10000000000001,462.8648138955033,-0.2388735734725685
73.2,462.8672366859711,-0.23896962106547165
73.3,462.86959968289676,-0.2390633088334802
73.4,462.87190436309305,-0.23915469457471217
73.5,462.8741521680553,-0.23924383472628385
73.60000000000001,462.8763444989077,-0.23933078416616368
73.7,462.8784827115576,-0.23941559602304835
73.8,462.880568150485,-0.23949832298348342
73.9,462.8826021193024,-0.23957901614866303
74.0,462.88458589054477,-0.23965772541149052
74.10000000000001,462.886520702751,-0.23973449936426486
74.2,462.8884077438046,-0.2398093847541199
74.3,462.89024820606016,-0.23988242830101325
74.4,462.89204324062865,-0.23995367519693353
74.5,462.893793971438,-0.24002316957237507
74.60000000000001,462.8955014961755,-0.2400909545310714
74.7,462.89716687683006,-0.24015707185072938
74.8,462.89879113280523,-0.24022156176630535
74.9,462.90037529553564,-0.24028446472855733
75.0,462.9019203567955,-0.24034581974838187
75.10000000000001,462.9034272850775,-0.240405664927315
75.2,462.90489702641025,-0.24046403748825404
75.3,462.906330489015,-0.24052097324194446
75.4,462.90772855443674,-0.24057650697781457
75.5,462.9090921102625,-0.24063067360846271
75.60000000000001,462.91042201005837,-0.24068350677309502
75.7,462.9117190872159,-0.240735039323153
75.8,462.912984155643,-0.2407853033486089
75.9,462.9142179933065,-0.24083432955449674
76.0,462.9154213663718,-0.2408821481757348
76.10000000000001,462.9165950350599,-0.24092878919919478
76.2,462.91773973376115,-0.2409742816102889
76.3,462.9188561794381,-0.2410186537115137
76.4,462.9199450722186,-0.2410619331450489
76.5,462.9210070793579,-0.24110414627874252
76.60000000000001,462.92204286605755,-0.2411453193857235
76.7,462.92305308388023,-0.24118547820082914
76.80000000000001,462.9240383650635,-0.24122464770284838
76.9,462.92499932692226,-0.24126285228294142
77.0,462.925936572369,-0.24130011576445173
77.10000000000001,462.92685067200875,-0.2413364607555632
77.2,462.92774220378533,-0.24137191008581158
77.30000000000001,462.9286117270362,-0.2414064858676348
77.4,462.9294597863915,-0.24144020963851495
77.5,462.93028691373746,-0.24147310243305434
77.60000000000001,462.931093627825,-0.2415051847698526
77.7,462.93188041059943,-0.24153647579781376
77.80000000000001,462.93264776826464,-0.24156699550217406
77.9,462.93339618134485,-0.24159676290226473
78.0,462.93412611914283,-0.24162579657461755
78.10000000000001,462.93483804014676,-0.24165411466868017
78.2,462.93553239243744,-0.24168173492253162
78.30000000000001,462.93620960519377,-0.24170867434673146
78.4,462.9368700833679,-0.24173494902631398
78.5,462.9375142549954,-0.24176057588526217
78.60000000000001,462.93814252386557,-0.24178557092240308
78.7,462.938755284388,-0.2418099497662343
78.80000000000001,462.93935292193555,-0.24183372768825995
78.9,462.93993581318773,-0.24185691961632647
79.0,462.9405043102161,-0.24187953952307245
79.10000000000001,462.94105876326984,-0.2419016013018832
79.2,462.94159952834946,-0.24192311905814914
79.30000000000001,462.94212694446315,-0.24194410623521323
79.4,462.9426413427146,-0.24196457596382767
79.5,462.94314304658815,-0.24198454107326978
79.60000000000001,462.94363237223456,-0.24200401410245773
79.7,462.94410960838724,-0.24202300652609282
79.80000000000001,462.94457505996394,-0.24204153043510285
79.9,462.9450290211318,-0.24205959749874237
80.0,462.9454717763539,-0.24207721900503135
80.10000000000001,462.94590360343966,-0.2420944059784465
80.2,462.9463247737847,-0.2421111691892735
80.30000000000001,462.94673555099945,-0.24212751910104854
80.4,462.94713617746277,-0.2421434653539306
80.5,462.9475269131697,-0.24215901825785283
80.60000000000001,462.9479080027324,-0.24217418752442474
80.7,462.9482796850108,-0.24218898263723185
80.80000000000001,462.94864219331845,-0.24220341285986577
80.9,462.9489957556274,-0.24221748724395417
81.0,462.94934058962485,-0.2422312144395788
81.10000000000001,462.94967690367184,-0.24224460273222256
81.2,462.9500049144442,-0.24225766072002533
81.30000000000001,462.95032482744625,-0.2422703965660135
81.4,462.95063684339755,-0.24228281824339218
81.5,462.95094115840857,-0.2422949335424386
81.60000000000001,462.9512379641563,-0.24230675007739555
81.7,462.95152743666097,-0.24231827485217272
81.80000000000001,462.9518097563218,-0.2423295150359337
81.9,462.95208510484895,-0.24234047784445575
82.0,462.9523536550416,-0.2423511701445581
82.10000000000001,462.95261557577004,-0.24236159864706333
82.2,462.9528710321313,-0.24237176991289763
82.30000000000001,462.95312018560406,-0.24238169035919077
82.4,462.9533631942035,-0.24239136626537602
82.5,462.95360019078475,-0.2424008029283879
82.60000000000001,462.95383133285173,-0.2424100066022599
82.7,462.95405676790944,-0.24241898314901933
82.80000000000001,462.9542766376847,-0.24242773820310504
82.9,462.9544910807119,-0.242436277272117
83.0,462.9547002324607,-0.2424446057418498
83.10000000000001,462.95490422546385,-0.24245272888132624
83.2,462.95510318752645,-0.24246065177273762
83.30000000000001,462.95529722448543,-0.24246837863649845
83.4,462.95548647082353,-0.2424759148128254
83.5,462.95567104526066,-0.2424832650231753
83.60000000000001,462.95585106377143,-0.24249043387991315
83.7,462.9560266396876,-0.2424974258903546
83.80000000000001,462.9561978838001,-0.24250424546080837
83.9,462.95636490446196,-0.24251089690061842
84.0,462.95652780283785,-0.2425173842356936
84.10000000000001,462.9566866721208,-0.24252371117776161
84.2,462.9568416192809,-0.24252988197831535
84.30000000000001,462.95699274142663,-0.242535900500513
84.4,462.9571401334094,-0.24254177051777565
84.5,462.9572838879074,-0.24254749571710343
84.60000000000001,462.95742409550934,-0.2425530797023911
84.7,462.9575608447986,-0.2425585259977441
84.80000000000001,462.95769421615483,-0.2425638378038458
84.9,462.9578242908169,-0.24256901835424133
85.0,462.9579511540292,-0.24257407103904335
85.10000000000001,462.95807488532523,-0.2425789990229923
85.2,462.9581955624109,-0.2425838053981278
85.30000000000001,462.95831326123493,-0.2425884931865801
85.4,462.9584280560595,-0.24259306534336184
85.5,462.9585400195308,-0.24259752475915927
85.60000000000001,462.95864921457786,-0.24260187394153068
85.7,462.95875571170495,-0.24260611569546328
85.80000000000001,462.95885957937185,-0.2426102527448141
85.9,462.95896088279306,-0.24261428768505056
86.0,462.95905968570645,-0.2426182230528905
86.10000000000001,462.9591560504326,-0.24262206132863662
86.2,462.9592500379334,-0.24262580493851077
86.30000000000001,462.959341707707,-0.24262945625051976
86.4,462.9594311045185,-0.24263301705104665
86.5,462.95951829315186,-0.2426364899156687
86.60000000000001,462.9596033283601,-0.24263987702384432
86.7,462.95968626367636,-0.24264318050646877
86.80000000000001,462.9597671514647,-0.2426464024479087
86.9,462.95984604297195,-0.24264954488803708
87.0,462.9599229883787,-0.24265260982426784
87.10000000000001,462.9599980368507,-0.24265559921359073
87.2,462.96007123659035,-0.24265851497460592
87.30000000000001,462.9601426211798,-0.2426613584479759
87.4,462.9602122388573,-0.24266413155310876
87.5,462.9602801370725,-0.24266683617794263
87.60000000000001,462.96034635863856,-0.24266947402695271
87.7,462.96041094543784,-0.2426720467675486
87.80000000000001,462.9604739384623,-0.24267455603169313
87.9,462.96053537785485,-0.2426770034175212
88.0,462.9605953029494,-0.24267939049095866
88.10000000000001,462.96065375231234,-0.2426817187873412
88.2,462.96071075645136,-0.24268398952272024
88.30000000000001,462.96076634683385,-0.24268620395096613
88.4,462.96082056461756,-0.24268836370949956
88.5,462.96087344396364,-0.2426904701585219
88.60000000000001,462.960925018276,-0.24269252462807459
88.7,462.9609753202325,-0.24269452841929315
88.80000000000001,462.96102438181674,-0.24269648280566153
88.9,462.9610722343496,-0.2426983890342662
89.0,462.9611189085209,-0.24270024832705014
89.10000000000001,462.96116443201527,-0.24270206178678116
89.2,462.9612088250931,-0.24270383022198685
89.30000000000001,462.9612521223375,-0.2427055550084398
89.4,462.96129435093553,-0.2427072372287991
89.5,462.9613355374549,-0.24270887794106202
89.60000000000001,462.96137570786817,-0.242710478179539
89.7,462.9614148875778,-0.24271203895582905
89.80000000000001,462.96145310144027,-0.24271356125979465
89.9,462.9614903737908,-0.2427150460605371
90.0,462.9615267284678,-0.24271649430737155
90.10000000000001,462.9615621807948,-0.24271790661149584
90.2,462.96159675764784,-0.2427192840427036
90.30000000000001,462.9616304809928,-0.242720627475779
90.4,462.961663372004,-0.24272193775402556
90.5,462.96169545138196,-0.2427232157018801
90.60000000000001,462.9617267393733,-0.24272446212570364
90.7,462.9617572557907,-0.24272567781457247
90.80000000000001,462.9617870200327,-0.24272686354106918
90.9,462.9618160511038,-0.2427280200620736
91.0,462.9618443633346,-0.24272914794872552
91.10000000000001,462.9618719749605,-0.24273024792727457
91.2,462.9618989048325,-0.2427313207483859
91.30000000000001,462.9619251698758,-0.24273236708617865
91.4,462.96195078664425,-0.24273338759996646
91.5,462.9619757713359,-0.24273438293490432
91.60000000000001,462.9620001398099,-0.24273535372263558
91.7,462.9620239076024,-0.24273630058193862
91.80000000000001,462.96204708994287,-0.24273722411937412
91.9,462.96206969826204,-0.2427381247905563
92.0,462.9620917438323,-0.24273900304477905
92.10000000000001,462.9621132444492,-0.2427398595904282
92.2,462.9621342136806,-0.24274069496791476
92.30000000000001,462.96215466481465,-0.24274150970650357
92.4,462.9621746108739,-0.24274230432487556
92.5,462.96219406462944,-0.24274307933169004
92.60000000000001,462.96221303861506,-0.24274383522614698
92.7,462.9622315451412,-0.24274457249854925
92.80000000000001,462.96224959630945,-0.24274529163086497
92.9,462.96226720402626,-0.24274599309728978
93.0,462.9622843800175,-0.24274667736480898
93.10000000000001,462.96230112359734,-0.24274734440742718
93.2,462.96231745164846,-0.24274799489689083
93.30000000000001,462.96233337617383,-0.2427486293111092
93.4,462.96234890732217,-0.2427492480543221
93.5,462.96236405504334,-0.2427498515228473
93.60000000000001,462.96237882909924,-0.24275044010550717
93.7,462.9623932390743,-0.24275101418405542
93.80000000000001,462.9624072943863,-0.24275157413360376
93.9,462.9624210042972,-0.2427521203230488
94.0,462.96243437792356,-0.24275265311549862
94.10000000000001,462.96244742424756,-0.24275317286869952
94.2,462.9624601485541,-0.24275367979343054
94.30000000000001,462.9624725517768,-0.242754173927512
94.4,462.9624846487969,-0.24275465586310405
94.5,462.9624964472815,-0.24275512590562615
94.60000000000001,462.962507954736,-0.2427555843540475
94.7,462.96251917851106,-0.2427560315011871
94.80000000000001,462.9625301258108,-0.24275646763401373
94.9,462.96254080369977,-0.24275689303394596
95.0,462.9625512191108,-0.24275730797715211
95.10000000000001,462.9625613788525,-0.24275771273485036
95.2,462.96257128961673,-0.24275810757360863
95.30000000000001,462.9625809579861,-0.2427584927556447
95.4,462.96259038441065,-0.24275886829908555
95.5,462.9625995764916,-0.24275923450668635
95.60000000000001,462.9626085418418,-0.2427595916816524
95.7,462.9626172860992,-0.24275994004858642
95.80000000000001,462.96262581477794,-0.24276027982715856
95.9,462.9626341332738,-0.24276061123232587
96.0,462.96264224686973,-0.24276093447455177
96.10000000000001,462.9626501607414,-0.24276124976002547
96.2,462.9626578799627,-0.24276155729088159
96.30000000000001,462.96266540951115,-0.24276185726541955
96.4,462.9626727542736,-0.24276214987832304
96.5,462.96267991835265,-0.24276243529302358
96.60000000000001,462.9626869027734,-0.24276271355030954
96.7,462.9626937147906,-0.24276298493923942
96.80000000000001,462.96270035867286,-0.24276324962986467
96.9,462.96270683859694,-0.24276350778857758
97.0,462.9627131586521,-0.24276375957828547
97.10000000000001,462.96271932284446,-0.24276400515858532
97.2,462.9627253351016,-0.24276424468593788
97.30000000000001,462.96273119927656,-0.24276447831384226
97.4,462.9627369191527,-0.24276470619301022
97.5,462.9627424984475,-0.2427649284715405
97.60000000000001,462.9627479408175,-0.24276514529509333
97.7,462.96275324763667,-0.24276535671845584
97.80000000000001,462.9627584221191,-0.24276556286967435
97.9,462.96276346874885,-0.2427657639273493
98.0,462.96276839071703,-0.24276596001860334
98.10000000000001,462.9627731911515,-0.24276615126804207
98.2,462.96277787312056,-0.24276633779789145
98.30000000000001,462.9627824396361,-0.24276651972813526
98.4,462.9627868936573,-0.24276669717665253
98.5,462.962791238094,-0.24276687025935503
98.60000000000001,462.9627954758101,-0.2427670390903247
98.7,462.9627996096269,-0.2427672037819511
98.80000000000001,462.962803642111,-0.2427673644364719
98.9,462.96280756989165,-0.24276752091997378
99.0,462.9628114002123,-0.2427676735207225
99.10000000000001,462.9628151355142,-0.24276782233597186
99.2,462.96281877819575,-0.24276796746126555
99.30000000000001,462.9628223306153,-0.242768108990553
99.4,462.96282579509426,-0.24276824701630464
99.5,462.9628291739196,-0.24276838162962755
99.60000000000001,462.96283246934706,-0.24276851292038093
99.7,462.9628356836041,-0.24276864097729173
99.80000000000001,462.9628388188926,-0.24276876588807006
99.9,462.9628418773917,-0.24276888773952476
100.0,462.96284486126115,-0.24276900661767895
100.10000000000001,462.9628477726436,-0.2427691226078855
100.2,462.96285061366797,-0.24276923579494258
100.30000000000001,462.96285338645214,-0.24276934626320926
100.4,462.9628560829528,-0.24276945369268435
100.5,462.9628587123925,-0.2427695584504509
100.60000000000001,462.9628612766531,-0.24276966061146957
100.7,462.96286377741905,-0.2427697602428493
100.80000000000001,462.96286621634937,-0.24276985741067672
100.9,462.96286859507916,-0.24276995218009653
101.0,462.9628709152221,-0.242770044615392
101.10000000000001,462.9628731783722,-0.2427701347800654
101.2,462.9628753861059,-0.24277022273691845
101.30000000000001,462.96287753998405,-0.2427703085481328
101.4,462.96287964155397,-0.24277039227535047
101.5,462.9628816923514,-0.24277047397975424
101.60000000000001,462.9628836939027,-0.24277055372214817
101.7,462.9628856477267,-0.24277063156303808
101.80000000000001,462.9628875553367,-0.24277070756271188
101.9,462.9628894098224,-0.24277078144598102
102.0,462.96289121798986,-0.2427708534839172
102.10000000000001,462.96289298160383,-0.24277092374682044
102.2,462.9628947018063,-0.24277099228019292
102.30000000000001,462.96289637971825,-0.2427710591286926
102.4,462.96289801644053,-0.24277112433618275
102.5,462.96289961305547,-0.2427711879457812
102.60000000000001,462.9629011706278,-0.24277124999990957
102.7,462.9629026902059,-0.24277131054034273
102.80000000000001,462.96290417282336,-0.24277136960825801
102.9,462.9629056194999,-0.2427714272442846
103.0,462.9629070312427,-0.24277148348855285
103.10000000000001,462.96290840904766,-0.24277153838074353
103.2,462.9629097539007,-0.24277159196013717
103.30000000000001,462.96291106677876,-0.2427716442656635
103.4,462.9629123445052,-0.2427716951706751
103.5,462.9629135903146,-0.24277174480409755
103.60000000000001,462.962914805535,-0.24277179321884915
103.7,462.96291599092586,-0.2427718404451924
103.80000000000001,462.96291714723066,-0.24277188651274242
103.9,462.9629182751771,-0.2427719314504996
104.0,462.9629193754787,-0.24277197528688257
104.10000000000001,462.9629204488347,-0.24277201804976092
104.2,462.9629214959318,-0.2427720597664883
104.30000000000001,462.9629225174445,-0.24277210046393496
104.4,462.9629235140357,-0.24277214016852086
104.5,462.96292448635825,-0.24277217890624833
104.60000000000001,462.962925435055,-0.24277221670273505
104.7,462.96292636076015,-0.2427722535832468
104.80000000000001,462.9629272640998,-0.24277228957273045
104.9,462.96292814407155,-0.24277232463121598
105.0,462.9629290020261,-0.24277235881253525
105.10000000000001,462.962929838824,-0.24277239215097404
105.2,462.96293065498577,-0.24277242466727447
105.30000000000001,462.96293145102254,-0.2427724563817952
105.4,462.96293222743634,-0.2427724873145375
105.5,462.9629329847209,-0.24277251748517106
105.60000000000001,462.96293372336237,-0.24277254691306002
105.7,462.9629344438398,-0.24277257561728868
105.80000000000001,462.96293514662585,-0.24277260361668754
105.9,462.9629358321875,-0.24277263092985926
106.0,462.96293650098676,-0.2427726575752044
106.10000000000001,462.96293715348105,-0.2427726835709474
106.2,462.96293779012416,-0.2427727089351626
106.30000000000001,462.9629384113667,-0.24277273368579996
106.4,462.9629390163028,-0.24277275778682975
106.5,462.9629396058512,-0.24277278127482457
106.60000000000001,462.96294018077293,-0.24277280418008906
106.7,462.96294074143907,-0.24277282651740473
106.80000000000001,462.96294128821563,-0.2427728483013522
106.9,462.9629418214641,-0.24277286954633087
107.0,462.9629423415418,-0.2427728902665785
107.10000000000001,462.96294284880264,-0.24277291047619093
107.2,462.96294334359743,-0.24277293018914162
107.30000000000001,462.9629438262743,-0.2427729494193013
107.4,462.9629442971794,-0.24277296818045774
107.5,462.9629447566572,-0.24277298648633516
107.60000000000001,462.9629452050512,-0.24277300435061405
107.7,462.96294564270426,-0.24277302178695076
107.80000000000001,462.962946069959,-0.24277303880899703
107.9,462.9629464843828,-0.24277305531990695
108.0,462.9629468872199,-0.24277307136922494
108.10000000000001,462.962947279829,-0.24277308701105105
108.2,462.96294766247564,-0.2427731022559651
108.30000000000001,462.9629480354235,-0.24277311711447383
108.4,462.96294839893494,-0.24277313159702707
108.5,462.96294875327123,-0.2427731457140336
108.60000000000001,462.96294909869306,-0.2427731594758771
108.7,462.9629494354607,-0.24277317289293202
108.80000000000001,462.96294976383484,-0.24277318597557956
108.9,462.9629500840766,-0.2427731987342236
109.0,462.96295039644815,-0.24277321117930667
109.10000000000001,462.9629507012129,-0.24277322332132578
109.2,462.96295099863613,-0.24277323517084848
109.30000000000001,462.96295128898527,-0.24277324673852868
109.4,462.9629515725303,-0.24277325803512265
109.5,462.9629518495442,-0.2427732690715049
109.60000000000001,462.9629521203033,-0.24277327985868422
109.7,462.9629523850877,-0.24277329040781945
109.80000000000001,462.96295264418166,-0.2427733007302356
109.9,462.962952897874,-0.24277331083743955
110.0,462.96295314268656,-0.2427733205908735
110.10000000000001,462.9629533785972,-0.24277332998965873
110.2,462.96295360852827,-0.2427733391502097
110.30000000000001,462.9629538326502,-0.24277334807932
110.4,462.96295405113295,-0.24277335678375667
110.5,462.9629542641459,-0.24277336527026974
110.60000000000001,462.9629544718582,-0.24277337354560174
110.7,462.96295467443923,-0.24277338161649717
110.80000000000001,462.9629548720585,-0.242773389489712
110.9,462.9629550648861,-0.24277339717202323
111.0,462.9629552530929,-0.24277340467023836
111.10000000000001,462.9629554368508,-0.2427734119912049
111.2,462.9629556163328,-0.24277341914181982
111.30000000000001,462.9629557917135,-0.24277342612903918
111.4,462.9629559631693,-0.24277343295988754
111.5,462.9629561308783,-0.2427734396414675
111.60000000000001,462.9629562950211,-0.24277344618096913
111.7,462.9629564557805,-0.24277345258567967
111.80000000000001,462.96295661334204,-0.24277345886299279
111.9,462.96295676789424,-0.24277346502041827
112.0,462.9629569196287,-0.2427734710655914
112.10000000000001,462.96295706652364,-0.24277347691794487
112.2,462.96295720704734,-0.2427734825164361
112.30000000000001,462.9629573441783,-0.24277348797975795
112.4,462.9629574780108,-0.24277349331167017
112.5,462.9629576086378,-0.2427734985158745
112.60000000000001,462.9629577361509,-0.24277350359601893
112.7,462.96295786064036,-0.24277350855570223
112.80000000000001,462.96295798219535,-0.24277351339847802
112.9,462.9629581009041,-0.24277351812785933
113.0,462.9629582168538,-0.24277352274732275
113.10000000000001,462.96295833013096,-0.24277352726031298
113.2,462.9629584408213,-0.24277353167024693
113.30000000000001,462.96295854901,-0.2427735359805182
113.4,462.9629586547818,-0.24277354019450145
113.5,462.9629587582209,-0.24277354431555656
113.60000000000001,462.9629588594115,-0.24277354834703316
113.7,462.96295895843747,-0.24277355229227482
113.80000000000001,462.9629590553826,-0.24277355615462348
113.9,462.96295915033096,-0.24277355993742372
114.0,462.9629592433666,-0.24277356364402716
114.10000000000001,462.9629593345739,-0.2427735672777967
114.2,462.96295942351827,-0.24277357082140916
114.30000000000001,462.96295950913026,-0.24277357423224458
114.4,462.96295959274784,-0.24277357756362297
114.5,462.96295967441694,-0.24277358081737382
114.60000000000001,462.96295975418207,-0.24277358399527546
114.7,462.96295983208677,-0.24277358709905747
114.80000000000001,462.9629599081733,-0.24277359013040323
114.9,462.96295998248274,-0.2427735930909523
115.0,462.96296005505525,-0.24277359598230291
115.10000000000001,462.96296012592995,-0.24277359880601426
115.2,462.9629601951451,-0.2427736015636092
115.30000000000001,462.9629602627381,-0.24277360425657643
115.4,462.96296032874545,-0.2427736068863732
115.5,462.9629603932031,-0.24277360945442755
115.60000000000001,462.96296045614616,-0.24277361196214084
115.7,462.96296051760925,-0.24277361441089018
115.80000000000001,462.96296057762635,-0.24277361680203088
115.9,462.96296063623106,-0.24277361913689893
116.0,462.96296069345647,-0.24277362141681338
116.10000000000001,462.9629607493353,-0.24277362364307886
116.2,462.96296080390016,-0.24277362581698794
116.30000000000001,462.9629608571551,-0.24277362793870963
116.4,462.9629609089355,-0.2427736300017061
116.5,462.9629609594487,-0.24277363201421867
116.60000000000001,462.9629610087219,-0.24277363397732646
116.7,462.96296105678186,-0.2427736358920988
116.80000000000001,462.96296110365523,-0.24277363775959768
116.9,462.9629611493686,-0.24277363958087977
117.0,462.9629611939484,-0.2427736413569988
117.10000000000001,462.962961237421,-0.24277364308900767
117.2,462.962961279813,-0.24277364477796073
117.30000000000001,462.96296132115083,-0.242773646424916
117.4,462.9629613614613,-0.2427736480309374
117.5,462.9629614007713,-0.24277364959709688
117.60000000000001,462.96296143910797,-0.24277365112447682
117.7,462.96296147649883,-0.24277365261417208
117.80000000000001,462.96296151297173,-0.24277365406729237
117.9,462.962961548555,-0.24277365548496432
118.0,462.9629615832773,-0.24277365686833383
118.10000000000001,462.9629616171681,-0.24277365821856822
118.2,462.9629616502572,-0.24277365953685856
118.30000000000001,462.96296168257516,-0.24277366082442167
118.4,462.96296171415327,-0.24277366208250264
118.5,462.96296174440346,-0.24277366328769398
118.60000000000001,462.9629617738423,-0.24277366446056484
118.7,462.962961802503,-0.2427736656024287
118.80000000000001,462.9629618304072,-0.24277366671415512
118.9,462.9629618575772,-0.242773667796627
119.0,462.9629618840355,-0.24277366885074214
119.10000000000001,462.962961909805,-0.24277366987741492
119.2,462.9629619349092,-0.24277367087757798
119.30000000000001,462.9629619593719,-0.24277367185218393
119.4,462.9629619832176,-0.24277367280220685
119.5,462.96296200647134,-0.24277367372864403
119.60000000000001,462.96296202915875,-0.24277367463251764
119.7,462.96296205130614,-0.2427736755148763
119.80000000000001,462.96296207294057,-0.24277367637679684
119.9,462.96296209408985,-0.24277367721938586
120.0,462.9629621147824,-0.2427736780437814
120.10000000000001,462.96296213504775,-0.24277367885115458
120.2,462.9629621549161,-0.24277367964271135
120.30000000000001,462.96296217441864,-0.242773680419694
120.4,462.9629621935875,-0.24277368118338286
120.5,462.9629622124558,-0.242773681935098
120.60000000000001,462.96296222887486,-0.24277368258921447
120.7,462.96296224433576,-0.24277368320514983
120.80000000000001,462.96296225925516,-0.24277368379951242
120.9,462.9629622736496,-0.24277368437295696
121.0,462.96296228753596,-0.2427736849261584
121.10000000000001,462.96296230093174,-0.24277368545981312
121.2,462.96296231385503,-0.24277368597464014
121.30000000000001,462.9629623263244,-0.24277368647138245
121.4,462.9629623383591,-0.24277368695080817
121.5,462.96296234997914,-0.24277368741371194
121.60000000000001,462.96296236120514,-0.24277368786091597
121.7,462.9629623720584,-0.24277368829327145
121.80000000000001,462.96296238256116,-0.2427736887116598
121.9,462.9629623927362,-0.2427736891169938
122.0,462.96296240260733,-0.24277368951021894
122.10000000000001,462.9629624121991,-0.24277368989231465
122.2,462.96296242153693,-0.2427736902642956
122.30000000000001,462.9629624306472,-0.24277369062721277
122.4,462.9629624395573,-0.2427736909821549
122.5,462.96296244829546,-0.24277369133024973
122.60000000000001,462.96296245689103,-0.24277369167266505
122.7,462.9629624653743,-0.24277369201061022
122.80000000000001,462.9629624737767,-0.2427736923453372
122.9,462.96296248213076,-0.24277369267814192
123.0,462.96296249047015,-0.24277369301036553
123.10000000000001,462.96296249882965,-0.24277369334339555
123.2,462.9629625072453,-0.2427736936786673
123.30000000000001,462.9629625157543,-0.24277369401766494
123.4,462.96296252439527,-0.24277369436192284
123.5,462.9629625332078,-0.2427736947130269
123.60000000000001,462.9629625422332,-0.24277369507261562
123.7,462.9629625515138,-0.2427736954423815
123.80000000000001,462.9629625610935,-0.2427736958240722
123.9,462.9629625686609,-0.24277369612556424
124.0,462.9629625737883,-0.24277369632980916
124.10000000000001,462.96296257872496,-0.24277369652645703
124.2,462.96296258348195,-0.24277369671594673
124.30000000000001,462.9629625880706,-0.24277369689872735
124.4,462.96296259250227,-0.24277369707525864
124.5,462.9629625967889,-0.2427736972460115
124.60000000000001,462.9629626009426,-0.2427736974114686
124.7,462.96296260497576,-0.24277369757212477
124.80000000000001,462.9629626089011,-0.24277369772848761
124.9,462.9629626127317,-0.24277369788107794
125.0,462.96296261648104,-0.24277369803043028
125.10000000000001,462.96296262016284,-0.2427736981770935
125.2,462.9629626237912,-0.24277369832163107
125.30000000000001,462.9629626273807,-0.24277369846462185
125.4,462.96296263094627,-0.24277369860666048
125.5,462.96296263450324,-0.24277369874835786
125.60000000000001,462.9629626380673,-0.24277369889034167
125.7,462.9629626416547,-0.2427736990332569
125.80000000000001,462.96296264528206,-0.24277369917776642
125.9,462.9629626489664,-0.24277369932455134
126.0,462.9629626527254,-0.24277369947431163
126.10000000000001,462.96296265657713,-0.24277369962776665
126.2,462.96296266054,-0.24277369978565558
126.30000000000001,462.96296266463315,-0.242773699948738
126.4,462.9629626688761,-0.24277370011779426
126.5,462.9629626732891,-0.2427737002936262
126.60000000000001,462.96296267789273,-0.24277370047705754
126.7,462.9629626827083,-0.24277370066893436
126.80000000000001,462.96296268775745,-0.24277370087012567
126.9,462.96296269306276,-0.24277370108152393
127.0,462.9629626986471,-0.2427737013040455
127.10000000000001,462.9629627045342,-0.24277370153863115
127.2,462.9629627102863,-0.24277370176783925
127.30000000000001,462.96296271371136,-0.2427737019043156
127.4,462.96296271712475,-0.24277370204032797
127.5,462.96296272052854,-0.24277370217595892
127.60000000000001,462.9629627239247,-0.24277370231128595
127.7,462.96296272731496,-0.24277370244638133
127.80000000000001,462.9629627307011,-0.2427737025813123
127.9,462.96296273408467,-0.2427737027161411
128.0,462.962962737467,-0.24277370285092484
128.1,462.9629627408496,-0.24277370298571577
128.20000000000002,462.9629627442335,-0.24277370312056124
128.3,462.9629627476198,-0.2427737032555036
128.4,462.9629627510095,-0.24277370339058055
128.5,462.96296275440335,-0.24277370352582484
128.6,462.96296275780213,-0.24277370366126458
128.70000000000002,462.96296276120637,-0.2427737037969231
128.8,462.9629627646166,-0.24277370393281908
128.9,462.9629627680331,-0.24277370406896664
129.0,462.9629627714562,-0.24277370420537528
129.1,462.96296277488597,-0.24277370434204992
129.20000000000002,462.96296277832244,-0.2427737044789911
129.3,462.9629627817655,-0.24277370461619477
129.4,462.962962785215,-0.2427737047536526
129.5,462.9629627886705,-0.24277370489135178
129.6,462.9629627921317,-0.24277370502927523
129.70000000000002,462.96296279559806,-0.24277370516740165
129.8,462.96296279906886,-0.24277370530570538
129.9,462.9629628025434,-0.24277370544415666
130.0,462.96296280602087,-0.24277370558272152
130.1,462.96296280950025,-0.24277370572136187
130.20000000000002,462.96296281298055,-0.24277370586003558
130.3,462.9629628164606,-0.24277370599869652
130.4,462.96296281993915,-0.2427737061372945
130.5,462.9629628234148,-0.24277370627577544
130.6,462.96296282683386,-0.2427737064120196
130.70000000000002,462.9629628302282,-0.24277370654728248
130.8,462.9629628336066,-0.2427737066819082
130.9,462.9629628369667,-0.2427737068158069
131.0,462.9629628403062,-0.2427737069488844
131.1,462.9629628436226,-0.24277370708104207
131.20000000000002,462.9629628469134,-0.24277370721217695
131.3,462.96296285017587,-0.24277370734218187
131.4,462.96296285340713,-0.24277370747094523
131.5,462.9629628566044,-0.24277370759835132
131.6,462.96296285976456,-0.24277370772428017
131.70000000000002,462.9629628628846,-0.2427737078486076
131.8,462.9629628659612,-0.24277370797120534
131.9,462.9629628689911,-0.242773708091941
132.0,462.9629628719709,-0.24277370821067806
132.1,462.962962874897,-0.24277370832727602
132.20000000000002,462.9629628777658,-0.24277370844159032
132.3,462.9629628805736,-0.24277370855347244
132.4,462.9629628833166,-0.2427737086627699
132.5,462.9629628859908,-0.24277370876932633
132.6,462.96296288859224,-0.24277370887298144
132.70000000000002,462.9629628911168,-0.2427737089735711
132.8,462.9629628935602,-0.24277370907092738
132.9,462.9629628959182,-0.24277370916487856
133.0,462.9629628981864,-0.24277370925524916
133.1,462.96296290036025,-0.24277370934185996
133.20000000000002,462.9629629024352,-0.24277370942452808
133.3,462.96296290440654,-0.24277370950306698
133.4,462.9629629062696,-0.24277370957728647
133.5,462.96296290801934,-0.24277370964699285
133.6,462.96296290965097,-0.24277370971198875
133.70000000000002,462.9629629111594,-0.24277370977207335
133.8,462.96296291253947,-0.24277370982704233
133.9,462.96296291409504,-0.24277370988900795
134.0,462.96296291590784,-0.2427737099612286
134.1,462.96296291766214,-0.24277371003111703
134.20000000000002,462.9629629193577,-0.24277371009866525
134.3,462.96296292099447,-0.2427737101638689
134.4,462.9629629225724,-0.24277371022672742
134.5,462.9629629240915,-0.24277371028724415
134.6,462.96296292555206,-0.24277371034542655
134.70000000000002,462.9629629269544,-0.2427737104012862
134.8,462.9629629282988,-0.24277371045483903
134.9,462.9629629295858,-0.2427737105061054
135.0,462.9629629308161,-0.24277371055511032
135.1,462.9629629319904,-0.2427737106018835
135.20000000000002,462.9629629331095,-0.24277371064645945
135.3,462.9629629341745,-0.24277371068887774
135.4,462.96296293518645,-0.24277371072918302
135.5,462.96296293614665,-0.24277371076742527
135.6,462.9629629370565,-0.24277371080365975
135.70000000000002,462.96296293791744,-0.24277371083794735
135.8,462.96296293873115,-0.24277371087035457
135.9,462.9629629394995,-0.24277371090095368
136.0,462.96296294022443,-0.24277371092982294
136.1,462.9629629409081,-0.2427737109570466
136.20000000000002,462.9629629415527,-0.2427737109827152
136.3,462.96296294216063,-0.24277371100692546
136.4,462.9629629427346,-0.24277371102978068
136.5,462.96296294327726,-0.24277371105139073
136.6,462.96296294379164,-0.2427737110718722
136.70000000000002,462.9629629442807,-0.24277371109134852
136.8,462.9629629447478,-0.24277371110995016
136.9,462.96296294519635,-0.24277371112781465
137.0,462.96296294563007,-0.24277371114508686
137.1,462.96296294605264,-0.242773711161919
137.20000000000002,462.96296294642406,-0.24277371117671215
137.3,462.9629629464987,-0.24277371117966995
137.4,462.96296294653297,-0.24277371118101856
137.5,462.9629629465288,-0.24277371118083743
137.6,462.9629629464884,-0.24277371117921065
137.70000000000002,462.96296294641394,-0.24277371117622695
137.8,462.9629629463077,-0.24277371117197982
137.9,462.96296294617224,-0.2427737111665676
138.0,462.9629629460102,-0.24277371116009358
138.1,462.96296294582413,-0.24277371115266605
138.20000000000002,462.96296294561694,-0.24277371114439836
138.3,462.9629629453917,-0.24277371113540908
138.4,462.9629629451514,-0.24277371112582197
138.5,462.96296294489935,-0.24277371111576623
138.6,462.9629629446389,-0.24277371110537643
138.70000000000002,462.96296294437354,-0.24277371109479265
138.8,462.962962944107,-0.24277371108416057
138.9,462.96296294384297,-0.2427737110736315
139.0,462.96296294358547,-0.2427737110633626
139.1,462.9629629433386,-0.24277371105351678
139.20000000000002,462.96296294310656,-0.24277371104426293
139.3,462.9629629428937,-0.24277371103577594
139.4,462.9629629427046,-0.24277371102823675
139.5,462.96296294254404,-0.24277371102183257
139.6,462.9629629424167,-0.2427737110167567
139.70000000000002,462.96296294232775,-0.242773711013209
139.8,462.9629629422823,-0.24277371101139555
139.9,462.9629629422856,-0.24277371101152906
140.0,462.9629629423433,-0.24277371101382877
140.1,462.962962942461,-0.24277371101852063
140.20000000000002,462.96296294264454,-0.24277371102583734
140.3,462.96296294289994,-0.2427737110360184
140.4,462.9629629432333,-0.24277371104931028
140.5,462.9629629436512,-0.24277371106596646
140.6,462.96296294278403,-0.24277371103141349
140.70000000000002,462.962962941552,-0.24277371098231806
140.8,462.9629629402866,-0.24277371093189168
140.9,462.9629629389896,-0.24277371088020705
141.0,462.96296293766295,-0.24277371082733987
141.1,462.96296293630854,-0.24277371077336898
141.20000000000002,462.9629629349285,-0.24277371071837642
141.3,462.9629629335249,-0.24277371066244738
141.4,462.9629629321001,-0.24277371060567035
141.5,462.96296293065626,-0.24277371054813707
141.6,462.9629629291958,-0.24277371048994267
141.70000000000002,462.9629629277212,-0.24277371043118565
141.8,462.9629629262351,-0.24277371037196793
141.9,462.96296292474,-0.2427737103123949
142.0,462.96296292323876,-0.24277371025257544
142.1,462.9629629217341,-0.24277371019262206
142.20000000000002,462.962962920229,-0.24277371013265084
142.3,462.9629629187265,-0.24277371007278148
142.4,462.96296291722956,-0.2427737100131374
142.5,462.9629629157415,-0.24277370995384576
142.6,462.9629629142656,-0.2427737098950375
142.70000000000002,462.9629629128051,-0.24277370983684732
142.8,462.96296291136366,-0.2427737097794139
142.9,462.96296290994474,-0.24277370972287976
143.0,462.9629629085521,-0.24277370966739137
143.1,462.9629629071894,-0.24277370961309924
143.20000000000002,462.96296290586065,-0.24277370956015787
143.3,462.9629629045698,-0.24277370950872593
143.4,462.9629629033209,-0.24277370945896612
143.5,462.9629629021181,-0.2427737094110454
143.6,462.96296290096575,-0.2427737093651349
143.70000000000002,462.9629628998683,-0.24277370932141001
143.8,462.96296289883014,-0.24277370928005046
143.9,462.96296289785596,-0.24277370924124034
144.0,462.9629628969505,-0.24277370920516805
144.1,462.9629628961186,-0.24277370917202654
144.20000000000002,462.9629628953652,-0.24277370914201316
144.3,462.96296289469535,-0.2427737091153298
144.4,462.96296289411424,-0.242773709092183
144.5,462.9629628936272,-0.2427737090727838
144.6,462.96296289323965,-0.24277370905734796
144.70000000000002,462.9629628929571,-0.24277370904609594
144.8,462.96296289278513,-0.2427737090392529
144.9,462.96296289272965,-0.2427737090370489
145.0,462.96296289279644,-0.24277370903971868
145.1,462.9629628929916,-0.24277370904750198
145.20000000000002,462.9629628933212,-0.2427737090606434
145.3,462.9629628937916,-0.24277370907939255
145.4,462.96296289440903,-0.24277370910400403
145.5,462.96296289518017,-0.24277370913473745
145.6,462.9629628961116,-0.2427737091718576
145.70000000000002,462.96296289721005,-0.24277370921563432
145.8,462.9629628984825,-0.2427737092663427
145.9,462.962962899936,-0.24277370932426307
146.0,462.96296289961145,-0.24277370931134348
146.1,462.96296289902784,-0.2427737092881034
146.20000000000002,462.96296289846595,-0.24277370926572853
146.3,462.96296289792645,-0.24277370924424546
146.4,462.96296289740997,-0.24277370922368072
146.5,462.96296289691725,-0.24277370920406047
146.6,462.9629628964488,-0.24277370918541066
146.70000000000002,462.96296289600537,-0.24277370916775695
146.8,462.9629628955876,-0.24277370915112476
146.9,462.9629628951961,-0.2427737091355392
147.0,462.96296289483143,-0.2427737091210251
147.1,462.96296289449435,-0.24277370910760698
147.20000000000002,462.9629628941853,-0.2427737090953091
147.3,462.962962893905,-0.24277370908415533
147.4,462.96296289365404,-0.24277370907416929
147.5,462.9629628934329,-0.24277370906537424
147.6,462.96296289324226,-0.24277370905779314
147.70000000000002,462.9629628930827,-0.24277370905144857
147.8,462.9629628929547,-0.2427737090463628
147.9,462.9629628928588,-0.24277370904255768
148.0,462.96296289279564,-0.24277370904005477
148.1,462.9629628927657,-0.24277370903887519
148.20000000000002,462.9629628927695,-0.24277370903903975
148.3,462.9629628928075,-0.2427737090405688
148.4,462.9629628928803,-0.2427737090434824
148.5,462.96296289298834,-0.24277370904780007
148.6,462.9629628931321,-0.24277370905354104
148.70000000000002,462.96296289331207,-0.24277370906072407
148.8,462.9629628935287,-0.24277370906936752
148.9,462.96296289378245,-0.24277370907948925
149.0,462.96296289407377,-0.2427737090911068
149.1,462.96296289440306,-0.24277370910423715
149.20000000000002,462.9629628947707,-0.2427737091188969
149.3,462.9629628951772,-0.24277370913510213
149.4,462.96296289562287,-0.24277370915286853
149.5,462.96296289610814,-0.24277370917221125
149.6,462.96296289663337,-0.24277370919314498
149.70000000000002,462.96296289719885,-0.24277370921568386
149.8,462.962962897805,-0.24277370923984168
149.9,462.9629628984522,-0.24277370926563155
150.0,462.9629628991406,-0.24277370929306616
150.1,462.96296289987066,-0.24277370932215767
150.20000000000002,462.96296290064265,-0.2427737093529177
150.3,462.9629629014568,-0.24277370938535733
150.4,462.9629629023134,-0.24277370941948712
150.5,462.96296290321266,-0.24277370945531707
150.6,462.9629629041549,-0.24277370949285657
150.70000000000002,462.9629629051403,-0.24277370953211452
150.8,462.962962906169,-0.2427737095730992
150.9,462.9629629072414,-0.24277370961581834
151.0,462.96296290835744,-0.24277370966027906
151.1,462.96296290951744,-0.24277370970648787
151.20000000000002,462.9629629107215,-0.2427737097544507
151.3,462.9629629119697,-0.24277370980417284
151.4,462.96296291297637,-0.24277370984428534
151.5,462.9629629139868,-0.24277370988455255
151.6,462.96296291501744,-0.24277370992562158
151.70000000000002,462.96296291606734,-0.24277370996745834
151.8,462.9629629171356,-0.2427737100100273
151.9,462.9629629182213,-0.24277371005329154
152.0,462.96296291932356,-0.24277371009721269
152.1,462.96296292044127,-0.24277371014175092
152.20000000000002,462.9629629215734,-0.24277371018686492
152.3,462.962962922719,-0.2427737102325119
152.4,462.96296292387683,-0.2427737102786476
152.5,462.96296292504576,-0.24277371032522624
152.6,462.9629629262247,-0.24277371037220047
152.70000000000002,462.96296292741226,-0.24277371041952145
152.8,462.9629629286073,-0.24277371046713875
152.9,462.9629629298085,-0.24277371051500038
153.0,462.96296293101443,-0.24277371056305277
153.1,462.96296293222383,-0.24277371061124078
153.20000000000002,462.9629629334352,-0.2427737106595076
153.3,462.9629629346471,-0.2427737107077948
153.4,462.962962935858,-0.24277371075604237
153.5,462.9629629370664,-0.2427737108041886
153.60000000000002,462.9629629382706,-0.2427737108521701
153.70000000000002,462.9629629394691,-0.24277371089992175
153.8,462.96296294066013,-0.24277371094737688
153.9,462.962962941842,-0.24277371099446696
154.0,462.962962943013,-0.2427737110411218
154.10000000000002,462.9629629441713,-0.24277371108726944
154.20000000000002,462.962962945315,-0.2427737111328362
154.3,462.9629629464422,-0.24277371117774657
154.4,462.96296294755103,-0.24277371122192332
154.5,462.9629629486394,-0.24277371126528735
154.60000000000002,462.96296294970546,-0.24277371130775782
154.70000000000002,462.96296295074694,-0.24277371134925202
154.8,462.9629629517619,-0.2427737113896854
154.9,462.962962952748,-0.24277371142897153
155.0,462.9629629537031,-0.24277371146702217
155.10000000000002,462.96296295462497,-0.24277371150374713
155.20000000000002,462.9629629555113,-0.24277371153905436
155.3,462.9629629563596,-0.24277371157284985
155.4,462.96296295716763,-0.24277371160503772
155.5,462.96296295793286,-0.2427737116355201
155.60000000000002,462.9629629586528,-0.24277371166419723
155.70000000000002,462.96296295932484,-0.24277371169096726
155.8,462.9629629599464,-0.24277371171572645
155.9,462.9629629605149,-0.242773711738369
156.0,462.9629629610276,-0.24277371175878715
156.10000000000002,462.9629629614817,-0.2427737117768711
156.20000000000002,462.96296296187444,-0.24277371179250892
156.3,462.96296296220294,-0.24277371180558677
156.4,462.96296296246425,-0.24277371181598859
156.5,462.96296296265547,-0.24277371182359633
156.60000000000002,462.96296296277353,-0.24277371182828977
156.70000000000002,462.9629629628259,-0.24277371183036345
156.8,462.9629629636954,-0.24277371186499952
156.9,462.9629629645525,-0.24277371189913974
157.0,462.9629629653966,-0.24277371193276334
157.10000000000002,462.9629629662272,-0.24277371196584954
157.20000000000002,462.9629629670439,-0.2427737119983777
157.3,462.962962967846,-0.24277371203032724
157.4,462.96296296863306,-0.24277371206167778
157.5,462.9629629694046,-0.2427737120924089
157.60000000000002,462.9629629701601,-0.24277371212250037
157.70000000000002,462.962962970899,-0.2427737121519321
157.8,462.9629629716209,-0.24277371218068414
157.9,462.9629629723252,-0.24277371220873656
158.0,462.9629629730115,-0.24277371223606967
158.10000000000002,462.9629629736792,-0.24277371226266392
158.20000000000002,462.9629629743279,-0.24277371228849987
158.3,462.96296297495707,-0.24277371231355824
158.4,462.96296297556626,-0.24277371233781994
158.5,462.962962976155,-0.24277371236126605
158.60000000000002,462.96296297672274,-0.2427737123838778
158.70000000000002,462.9629629772691,-0.24277371240563658
158.8,462.96296297779355,-0.24277371242652407
158.9,462.96296297829576,-0.242773712446522
159.0,462.9629629787751,-0.2427737124656124
159.10000000000002,462.9629629792313,-0.2427737124837775
159.20000000000002,462.96296297966376,-0.2427737125009997
159.3,462.9629629800721,-0.24277371251726163
159.4,462.962962980456,-0.24277371253254618
159.5,462.9629629808149,-0.2427737125468364
159.60000000000002,462.9629629811484,-0.2427737125601157
159.70000000000002,462.9629629814561,-0.24277371257236757
159.8,462.9629629817376,-0.24277371258357588
159.9,462.9629629819925,-0.24277371259372468
160.0,462.96296298222046,-0.24277371260279834
160.10000000000002,462.962962982421,-0.24277371261078143
160.20000000000002,462.96296298259375,-0.24277371261765887
160.3,462.9629629827384,-0.2427737126234158
160.4,462.9629629828546,-0.24277371262803765
160.5,462.9629629829419,-0.24277371263151018
160.60000000000002,462.962962983,-0.24277371263381942
160.70000000000002,462.96296298302855,-0.2427737126349517
160.8,462.9629629830272,-0.2427737126348937
160.9,462.96296298299563,-0.24277371263363237
161.0,462.9629629829335,-0.242773712631155
161.10000000000002,462.9629629828406,-0.2427737126274492
161.20000000000002,462.96296298271653,-0.24277371262250297
161.3,462.96296298256095,-0.24277371261630457
161.4,462.9629629823737,-0.24277371260884262
161.5,462.96296298215447,-0.24277371260010616
161.60000000000002,462.96296298190293,-0.24277371259008454
161.70000000000002,462.96296298161883,-0.2427737125787675
161.8,462.962962981302,-0.2427737125661451
161.9,462.9629629809521,-0.24277371255220784
162.0,462.962962980569,-0.24277371253694657
162.10000000000002,462.9629629801689,-0.24277371252101113
162.20000000000002,462.9629629799279,-0.24277371251140187
162.3,462.9629629796691,-0.242773712501085
162.4,462.96296297939296,-0.24277371249007776
162.5,462.9629629790999,-0.2427737124783983
162.60000000000002,462.9629629787905,-0.24277371246606572
162.70000000000002,462.9629629784652,-0.24277371245310006
162.8,462.9629629781245,-0.2427737124395224
162.9,462.96296297776905,-0.24277371242535467
163.0,462.9629629773993,-0.24277371241061987
163.10000000000002,462.96296297701593,-0.242773712395342
163.20000000000002,462.96296297661956,-0.24277371237954604
163.3,462.96296297621086,-0.242773712363258
163.4,462.96296297579045,-0.24277371234650494
163.5,462.96296297535906,-0.24277371232931488
163.60000000000002,462.9629629749175,-0.24277371231171704
163.70000000000002,462.9629629744664,-0.24277371229374156
163.8,462.9629629740066,-0.24277371227541975
163.9,462.96296297353894,-0.24277371225678393
164.0,462.9629629730642,-0.24277371223786756
164.10000000000002,462.9629629725833,-0.24277371221870522
164.20000000000002,462.9629629720971,-0.24277371219933255
164.3,462.9629629716066,-0.2427737121797864
164.4,462.96296297111263,-0.2427737121601047
164.5,462.9629629706163,-0.24277371214032653
164.60000000000002,462.96296297011844,-0.24277371212049215
164.70000000000002,462.96296296962026,-0.24277371210064297
164.8,462.9629629691228,-0.24277371208082163
164.9,462.96296296862715,-0.24277371206107193
165.0,462.9629629681344,-0.24277371204143888
165.10000000000002,462.9629629676457,-0.24277371202196868
165.20000000000002,462.9629629671623,-0.24277371200270878
165.3,462.9629629666854,-0.2427737119837079
165.4,462.9629629662162,-0.24277371196501593
165.5,462.96296296575605,-0.2427737119466841
165.60000000000002,462.9629629653063,-0.24277371192876485
165.70000000000002,462.9629629648682,-0.24277371191131192
165.8,462.9629629644432,-0.24277371189438035
165.9,462.96296296403267,-0.24277371187802652
166.0,462.9629629636381,-0.242773711862308
166.10000000000002,462.96296296326096,-0.2427737118472838
166.20000000000002,462.96296296290274,-0.24277371183301424
166.3,462.96296296256503,-0.24277371181956098
166.4,462.9629629622494,-0.242773711806987
166.5,462.9629629619574,-0.2427737117953567
166.60000000000002,462.9629629616907,-0.24277371178473584
166.70000000000002,462.96296296145107,-0.24277371177519153
166.8,462.9629629612401,-0.24277371176679233
166.9,462.9629629610597,-0.24277371175960824
167.0,462.96296296091157,-0.24277371175371057
167.10000000000002,462.96296296079754,-0.24277371174917217
167.20000000000002,462.9629629607195,-0.2427737117460673
167.3,462.9629629606793,-0.24277371174447165
167.4,462.9629629606789,-0.24277371174446238
167.5,462.9629629604765,-0.24277371173639503
167.60000000000002,462.9629629600144,-0.24277371171799067
167.70000000000002,462.962962959554,-0.24277371169965103
167.8,462.96296295909565,-0.24277371168139525
167.9,462.9629629586399,-0.24277371166324258
168.0,462.96296295818723,-0.24277371164521225
168.10000000000002,462.9629629577381,-0.2427737116273236
168.20000000000002,462.96296295729303,-0.242773711609596
168.3,462.96296295685244,-0.24277371159204877
168.4,462.9629629564169,-0.24277371157470146
168.5,462.9629629559869,-0.2427737115575735
168.60000000000002,462.96296295556283,-0.24277371154068442
168.70000000000002,462.9629629551453,-0.24277371152405383
168.8,462.96296295473473,-0.24277371150770138
168.9,462.9629629543316,-0.2427737114916467
169.0,462.9629629539365,-0.24277371147590956
169.10000000000002,462.96296295354983,-0.2427737114605097
169.20000000000002,462.9629629531721,-0.24277371144546694
169.3,462.9629629528039,-0.24277371143080112
169.4,462.9629629524456,-0.24277371141653217
169.5,462.96296295209777,-0.24277371140268003
169.60000000000002,462.9629629517609,-0.24277371138926473
169.70000000000002,462.96296295143554,-0.24277371137630627
169.8,462.96296295112217,-0.24277371136382472
169.9,462.96296295082124,-0.24277371135184028
170.0,462.96296295053327,-0.2427737113403731
170.10000000000002,462.9629629502588,-0.2427737113294434
170.20000000000002,462.96296294999837,-0.24277371131907144
170.3,462.9629629497524,-0.24277371130927755
170.4,462.9629629495215,-0.2427737113000821
170.5,462.96296294930613,-0.24277371129150552
170.60000000000002,462.9629629491068,-0.24277371128356823
170.70000000000002,462.96296294892403,-0.24277371127629072
170.8,462.96296294875833,-0.24277371126969358
170.9,462.96296294861025,-0.24277371126379738
171.0,462.96296294848025,-0.24277371125862277
171.10000000000002,462.9629629483689,-0.24277371125419042
171.20000000000002,462.96296294827675,-0.24277371125052105
171.3,462.9629629482042,-0.24277371124763547
171.4,462.9629629481519,-0.24277371124555447
171.5,462.9629629481203,-0.24277371124429895
171.60000000000002,462.96296294811003,-0.2427737112438898
171.70000000000002,462.96296294812146,-0.24277371124434796
171.8,462.9629629481552,-0.2427737112456945
171.9,462.9629629482118,-0.2427737112479504
172.0,462.96296294829176,-0.2427737112511368
172.10000000000002,462.96296294839556,-0.24277371125527483
172.20000000000002,462.96296294852385,-0.24277371126038566
172.3,462.9629629486771,-0.24277371126649055
172.4,462.9629629488558,-0.2427737112736108
172.5,462.96296294906057,-0.2427737112817677
172.60000000000002,462.96296294929186,-0.2427737112909826
172.70000000000002,462.9629629495503,-0.24277371130127698
172.8,462.96296294983637,-0.24277371131267225
172.9,462.9629629499808,-0.24277371131843137
173.0,462.9629629495479,-0.24277371130120495
173.10000000000002,462.962962949118,-0.24277371128409886
173.20000000000002,462.9629629486912,-0.24277371126711902
173.3,462.9629629482678,-0.24277371125027122
173.4,462.96296294784776,-0.2427737112335613
173.5,462.9629629474314,-0.24277371121699498
173.60000000000002,462.9629629470187,-0.24277371120057795
173.70000000000002,462.96296294660993,-0.24277371118431584
173.8,462.9629629462052,-0.24277371116821425
173.9,462.9629629458046,-0.2427737111522787
174.0,462.9629629454083,-0.2427737111365147
174.10000000000002,462.96296294501644,-0.24277371112092766
174.20000000000002,462.96296294462917,-0.24277371110552298
174.3,462.9629629442466,-0.242773711090306
174.4,462.96296294386883,-0.24277371107528198
174.5,462.9629629434961,-0.2427737110604562
174.60000000000002,462.96296294312845,-0.24277371104583378
174.70000000000002,462.962962942766,-0.2427737110314199
174.8,462.9629629424089,-0.24277371101721962
174.9,462.96296294205735,-0.24277371100323797
175.0,462.96296294171134,-0.24277371098947992
175.10000000000002,462.9629629413711,-0.24277371097595044
175.20000000000002,462.9629629410367,-0.24277371096265435
175.3,462.9629629407083,-0.24277371094959652
175.4,462.962962940386,-0.2427737109367817
175.5,462.9629629400699,-0.24277371092421465
175.60000000000002,462.96296293976013,-0.24277371091190003
175.70000000000002,462.9629629394568,-0.24277371089984245
175.8,462.9629629391601,-0.2427737108880465
175.9,462.96296293887,-0.2427737108765167
176.0,462.96296293858677,-0.24277371086525754
176.10000000000002,462.9629629383104,-0.2427737108542734
176.20000000000002,462.9629629380411,-0.24277371084356866
176.3,462.96296293777885,-0.2427737108331477
176.4,462.96296293752386,-0.24277371082301472
176.5,462.9629629372762,-0.24277371081317398
176.60000000000002,462.96296293703597,-0.2427737108036296
176.70000000000002,462.9629629368033,-0.24277371079438578
176.8,462.9629629365783,-0.24277371078544654
176.9,462.96296293636107,-0.24277371077681587
177.0,462.96296293615165,-0.2427737107684978
177.10000000000002,462.9629629359502,-0.24277371076049617
177.20000000000002,462.96296293575676,-0.2427737107528149
177.3,462.9629629355715,-0.2427737107454578
177.4,462.9629629353945,-0.24277371073842863
177.5,462.9629629352258,-0.24277371073173107
177.60000000000002,462.9629629350655,-0.24277371072536882
177.70000000000002,462.9629629349138,-0.2427737107193455
177.8,462.9629629347706,-0.24277371071366463
177.9,462.96296293463615,-0.24277371070832976
178.0,462.9629629345105,-0.24277371070334433
178.10000000000002,462.96296293439366,-0.24277371069871173
178.20000000000002,462.9629629342858,-0.24277371069443535
178.3,462.962962934187,-0.2427737106905185
178.4,462.96296293409733,-0.2427737106869644
178.5,462.9629629340168,-0.24277371068377632
178.60000000000002,462.9629629339456,-0.24277371068095732
178.70000000000002,462.9629629338837,-0.2427737106785106
178.8,462.9629629338313,-0.24277371067643916
178.9,462.9629629337884,-0.24277371067474604
179.0,462.9629629337551,-0.24277371067343415
179.10000000000002,462.9629629337314,-0.24277371067250642
179.20000000000002,462.96296293371745,-0.2427737106719657
179.3,462.96296293371336,-0.2427737106718148
179.4,462.9629629337191,-0.24277371067205644
179.5,462.9629629337348,-0.24277371067269335
179.60000000000002,462.9629629337605,-0.24277371067372816
179.70000000000002,462.96296293379623,-0.24277371067516346
179.8,462.9629629338421,-0.24277371067700185
179.9,462.9629629338982,-0.24277371067924575
180.0,462.9629629339646,-0.24277371068189768
180.10000000000002,462.9629629340413,-0.24277371068495998
180.20000000000002,462.96296293412837,-0.24277371068843503
180.3,462.9629629342259,-0.2427737106923251
180.4,462.9629629343339,-0.24277371069663245
180.5,462.9629629344525,-0.24277371070135928
180.60000000000002,462.9629629345817,-0.24277371070650772
180.70000000000002,462.96296293472153,-0.24277371071207984
180.8,462.9629629348721,-0.2427737107180777
180.9,462.96296293503343,-0.24277371072450335
181.0,462.9629629352056,-0.24277371073135862
181.10000000000002,462.96296293538865,-0.24277371073864548
181.20000000000002,462.96296293558254,-0.24277371074636575
181.3,462.9629629357874,-0.24277371075452117
181.4,462.9629629360033,-0.24277371076311355
181.5,462.9629629362302,-0.24277371077214455
181.60000000000002,462.9629629364683,-0.24277371078161578
181.70000000000002,462.9629629367174,-0.24277371079152885
181.8,462.9629629369777,-0.24277371080188528
181.9,462.96296293724924,-0.2427737108126866
182.0,462.962962937532,-0.24277371082393417
182.10000000000002,462.962962937826,-0.2427737108356294
182.20000000000002,462.96296293813134,-0.24277371084777366
182.3,462.962962938448,-0.2427737108603682
182.4,462.96296293877606,-0.24277371087341423
182.5,462.9629629391155,-0.242773710886913
182.60000000000002,462.9629629394664,-0.24277371090086552
182.70000000000002,462.9629629398288,-0.242773710915273
182.8,462.96296294020266,-0.2427737109301364
182.9,462.96296294058806,-0.24277371094545666
183.0,462.96296294098494,-0.2427737109612348
183.10000000000002,462.9629629413934,-0.24277371097747164
183.20000000000002,462.9629629418135,-0.242773710994168
183.3,462.96296294224516,-0.24277371101132467
183.4,462.9629629426884,-0.24277371102894238
183.5,462.96296294314334,-0.24277371104702178
183.60000000000002,462.9629629436099,-0.2427737110655635
183.70000000000002,462.9629629439805,-0.2427737110803106
183.8,462.9629629442563,-0.2427737110913123
183.9,462.9629629445365,-0.24277371110249293
184.0,462.9629629448212,-0.24277371111384866
184.10000000000002,462.9629629451101,-0.2427737111253755
184.20000000000002,462.9629629454033,-0.24277371113706947
184.3,462.96296294570055,-0.24277371114892646
184.4,462.96296294600177,-0.2427737111609423
184.5,462.9629629463069,-0.24277371117311272
184.60000000000002,462.9629629466158,-0.24277371118543345
184.70000000000002,462.96296294692837,-0.24277371119790003
184.8,462.9629629472445,-0.24277371121050803
184.9,462.962962947564,-0.24277371122325284
185.0,462.96296294788687,-0.24277371123612987
185.10000000000002,462.9629629482129,-0.2427737112491344
185.20000000000002,462.9629629485421,-0.24277371126226163
185.3,462.9629629488742,-0.24277371127550673
185.4,462.9629629492091,-0.2427737112888647
185.5,462.9629629495468,-0.2427737113023306
185.60000000000002,462.962962949887,-0.24277371131589928
185.70000000000002,462.9629629502297,-0.2427737113295656
185.8,462.96296295057476,-0.24277371134332426
185.9,462.96296295092196,-0.24277371135717002
186.0,462.9629629512712,-0.2427737113710974
186.10000000000002,462.9629629516224,-0.24277371138510098
186.20000000000002,462.9629629519753,-0.24277371139917517
186.3,462.9629629523299,-0.24277371141331433
186.4,462.96296295268604,-0.2427737114275128
186.5,462.9629629530435,-0.24277371144176477
186.60000000000002,462.9629629534021,-0.24277371145606433
186.70000000000002,462.9629629537618,-0.24277371147040563
186.8,462.96296295412236,-0.24277371148478258
186.9,462.9629629544837,-0.2427737114991891
187.0,462.96296295484564,-0.24277371151361907
187.10000000000002,462.962962955208,-0.2427737115280662
187.20000000000002,462.9629629555706,-0.24277371154252417
187.3,462.9629629559334,-0.2427737115569866
187.4,462.9629629562961,-0.24277371157144698
187.5,462.96296295665866,-0.24277371158589878
187.60000000000002,462.9629629570208,-0.24277371160033534
187.70000000000002,462.9629629573824,-0.24277371161475
187.8,462.9629629577433,-0.24277371162913594
187.9,462.9629629581033,-0.24277371164348632
188.0,462.9629629584622,-0.2427737116577942
188.10000000000002,462.9629629588199,-0.24277371167205256
188.20000000000002,462.9629629591762,-0.24277371168625428
188.3,462.9629629595309,-0.24277371170039222
188.4,462.96296295988384,-0.24277371171445913
188.5,462.9629629602348,-0.2427737117284477
188.60000000000002,462.96296296058364,-0.24277371174235052
188.70000000000002,462.96296296093016,-0.24277371175616008
188.8,462.9629629612741,-0.2427737117698689
188.9,462.9629629616154,-0.2427737117834693
189.0,462.9629629619538,-0.24277371179695356
189.10000000000002,462.96296296228905,-0.24277371181031393
189.20000000000002,462.962962962621,-0.24277371182354254
189.3,462.9629629629495,-0.24277371183663146
189.4,462.96296296327426,-0.24277371184957267
189.5,462.96296296359515,-0.24277371186235805
189.60000000000002,462.96296296391193,-0.24277371187497948
189.70000000000002,462.9629629642244,-0.2427737118874287
189.8,462.9629629645324,-0.24277371189969735
189.9,462.9629629648356,-0.2427737119117771
190.0,462.9629629651339,-0.2427737119236594
190.10000000000002,462.96296296542704,-0.24277371193533578
190.20000000000002,462.9629629657148,-0.24277371194679753
190.3,462.96296296599695,-0.24277371195803601
190.4,462.9629629662733,-0.2427737119690424
190.5,462.9629629665436,-0.24277371197980785
190.60000000000002,462.9629629668077,-0.2427737119903234
190.70000000000002,462.96296296706527,-0.2427737120005801
190.8,462.9629629673162,-0.2427737120105688
190.9,462.9629629675601,-0.24277371202028036
191.0,462.96296296779684,-0.24277371202970552
191.10000000000002,462.9629629680262,-0.24277371203883497
191.20000000000002,462.96296296824795,-0.24277371204765932
191.3,462.9629629684618,-0.24277371205616907
191.4,462.9629629686675,-0.2427737120643547
191.5,462.9629629688649,-0.24277371207220658
191.60000000000002,462.9629629690536,-0.24277371207971496
191.70000000000002,462.9629629692335,-0.2427737120868701
191.8,462.9629629694044,-0.24277371209366214
191.9,462.9629629695658,-0.24277371210008114
192.0,462.9629629697177,-0.2427737121061171
192.10000000000002,462.96296296985975,-0.24277371211175988
192.20000000000002,462.9629629699917,-0.24277371211699936
192.3,462.9629629701132,-0.2427737121218253
192.4,462.96296297022417,-0.24277371212622736
192.5,462.96296297032427,-0.24277371213019516
192.60000000000002,462.9629629704132,-0.2427737121337182
192.70000000000002,462.9629629704907,-0.24277371213678595
192.8,462.9629629705566,-0.24277371213938778
192.9,462.9629629706105,-0.242773712141513
193.0,462.9629629706522,-0.2427737121431508
193.10000000000002,462.9629629706814,-0.24277371214429036
193.20000000000002,462.96296297069784,-0.2427737121449207
193.3,462.9629629707013,-0.24277371214503082
193.4,462.9629629706914,-0.2427737121446097
193.5,462.96296297066795,-0.24277371214364607
193.60000000000002,462.9629629706306,-0.24277371214212873
193.70000000000002,462.9629629705791,-0.2427737121400464
193.8,462.96296297051316,-0.24277371213738763
193.9,462.96296297043244,-0.24277371213414095
194.0,462.9629629703368,-0.24277371213029486
194.10000000000002,462.96296297022576,-0.2427737121258377
194.20000000000002,462.96296297009917,-0.24277371212075777
194.3,462.96296296995666,-0.24277371211504328
194.4,462.96296296979796,-0.2427737121086824
194.5,462.96296296999253,-0.24277371211642174
194.60000000000002,462.9629629702721,-0.24277371212755106
194.70000000000002,462.9629629705503,-0.24277371213862792
194.8,462.9629629708271,-0.24277371214964966
194.9,462.9629629711025,-0.24277371216061347
195.0,462.9629629713763,-0.24277371217151666
195.10000000000002,462.9629629716486,-0.24277371218235644
195.20000000000002,462.96296297191924,-0.24277371219313
195.3,462.9629629721881,-0.24277371220383448
195.4,462.96296297245516,-0.24277371221446714
195.5,462.96296297272033,-0.24277371222502508
195.60000000000002,462.96296297298363,-0.24277371223550545
195.70000000000002,462.9629629732448,-0.24277371224590533
195.8,462.962962973504,-0.24277371225622185
195.9,462.96296297376097,-0.24277371226645203
196.0,462.9629629740157,-0.24277371227659297
196.10000000000002,462.9629629742681,-0.24277371228664169
196.20000000000002,462.9629629745181,-0.24277371229659517
196.3,462.96296297476573,-0.24277371230645045
196.4,462.9629629750107,-0.2427737123162045
196.5,462.96296297525316,-0.24277371232585426
196.60000000000002,462.96296297549287,-0.24277371233539666
196.70000000000002,462.9629629757298,-0.24277371234482864
196.8,462.96296297596393,-0.2427737123541471
196.9,462.96296297619506,-0.2427737123633489
197.0,462.9629629764232,-0.24277371237243092
197.10000000000002,462.9629629766483,-0.24277371238138998
197.20000000000002,462.96296297687024,-0.2427737123902229
197.3,462.9629629770889,-0.2427737123989265
197.4,462.96296297730424,-0.2427737124074976
197.5,462.96296297751616,-0.24277371241593287
197.60000000000002,462.9629629777246,-0.24277371242422915
197.70000000000002,462.96296297792946,-0.2427737124323831
197.8,462.9629629781307,-0.24277371244039148
197.9,462.96296297832816,-0.2427737124482509
198.0,462.96296297852183,-0.24277371245595813
198.10000000000002,462.9629629787116,-0.24277371246350973
198.20000000000002,462.96296297889734,-0.2427737124709024
198.3,462.96296297907907,-0.2427737124781327
198.4,462.9629629792566,-0.24277371248519725
198.5,462.96296297942985,-0.2427737124920926
198.60000000000002,462.9629629795988,-0.24277371249881533
198.70000000000002,462.96296297976335,-0.24277371250536192
198.8,462.96296297992336,-0.24277371251172897
198.9,462.96296298007877,-0.2427737125179129
199.0,462.9629629802295,-0.24277371252391025
199.10000000000002,462.96296298037544,-0.2427737125297174
199.20000000000002,462.9629629805166,-0.24277371253533087
199.3,462.9629629806527,-0.242773712540747
199.4,462.9629629807838,-0.24277371254596228
199.5,462.96296298090977,-0.242773712550973
199.60000000000002,462.96296298103056,-0.24277371255577557
199.70000000000002,462.96296298114595,-0.24277371256036634
199.8,462.962962981256,-0.2427737125647416
199.9,462.9629629813605,-0.24277371256889765
200.0,462.96296298145944,-0.24277371257283084
